State,County,Year,Planted,Harvested,SuccessRate,GEOID
VIRGINIA,AMELIA,2024,11400,11200,98.2,51007
VIRGINIA,BEDFORD,2024,500,500,100,51019
VIRGINIA,BUCKINGHAM,2024,3500,3090,88.3,51029
VIRGINIA,CAMPBELL,2024,7200,5980,83.1,51031
VIRGINIA,CAROLINE,2024,19800,19700,99.5,51033
VIRGINIA,CHESTERFIELD,2024,1900,1770,93.2,51041
VIRGINIA,GOOCHLAND,2024,4600,4570,99.3,51075
VIRGINIA,GREENE,2024,700,570,81.4,51079
VIRGINIA,ORANGE,2024,7200,7200,100,51137
VIRGINIA,ACCOMACK,2024,29100,29000,99.7,51001
VIRGINIA,CHARLES CITY,2024,7600,7560,99.5,51036
VIRGINIA,ESSEX,2024,19700,19700,100,51057
VIRGINIA,KING AND QUEEN,2024,16300,16300,100,51097
VIRGINIA,NEW KENT,2024,4600,4600,100,51127
VIRGINIA,NORTHAMPTON,2024,19300,19300,100,51131
VIRGINIA,NORTHUMBERLAND,2024,16000,16000,100,51133
VIRGINIA,RICHMOND,2024,14600,14600,100,51159
VIRGINIA,RICHMOND,2024,14600,14600,100,51760
VIRGINIA,WESTMORELAND,2024,17500,17500,100,51193
VIRGINIA,CULPEPER,2024,12800,12700,99.2,51047
VIRGINIA,FAUQUIER,2024,15000,15000,100,51061
VIRGINIA,MADISON,2024,5400,5320,98.5,51113
VIRGINIA,ROCKINGHAM,2024,9100,8760,96.3,51165
VIRGINIA,SHENANDOAH,2024,5600,5350,95.5,51171
VIRGINIA,CHESAPEAKE CITY,2024,15900,15900,100,NA
VIRGINIA,DINWIDDIE,2024,17100,17000,99.4,51053
VIRGINIA,ISLE OF WIGHT,2024,14400,14300,99.3,51093
VIRGINIA,MECKLENBURG,2024,21500,21300,99.1,51117
VIRGINIA,PRINCE GEORGE,2024,9000,8810,97.9,51149
VIRGINIA,SOUTHAMPTON,2024,18900,18800,99.5,51175
VIRGINIA,SUFFOLK CITY,2024,16000,15900,99.4,NA
VIRGINIA,SURRY,2024,15300,15300,100,51181
VIRGINIA,SUSSEX,2024,20200,20100,99.5,51183
VIRGINIA,VIRGINIA BEACH CITY,2024,10600,10600,100,NA
VIRGINIA,CHARLOTTE,2024,9400,9060,96.4,51037
VIRGINIA,FRANKLIN,2024,8300,8160,98.3,51067
VIRGINIA,FRANKLIN,2024,8300,8160,98.3,51620
VIRGINIA,NOTTOWAY,2024,4600,4570,99.3,51135
VIRGINIA,PITTSYLVANIA,2024,11400,10300,90.4,51143
VIRGINIA,AUGUSTA,2024,6000,5720,95.3,51015
VIRGINIA,BOTETOURT,2024,1700,1520,89.4,51023
VIRGINIA,AMELIA,2023,10000,9950,99.5,51007
VIRGINIA,CAMPBELL,2023,6400,6310,98.6,51031
VIRGINIA,CAROLINE,2023,19300,19200,99.5,51033
VIRGINIA,CHESTERFIELD,2023,1100,1080,98.2,51041
VIRGINIA,GOOCHLAND,2023,3100,3050,98.4,51075
VIRGINIA,ORANGE,2023,7500,7400,98.7,51137
VIRGINIA,SPOTSYLVANIA,2023,5400,5330,98.7,51177
VIRGINIA,CHARLES CITY,2023,6200,6110,98.5,51036
VIRGINIA,ESSEX,2023,19800,19400,98,51057
VIRGINIA,GLOUCESTER,2023,6400,6310,98.6,51073
VIRGINIA,KING AND QUEEN,2023,14600,14500,99.3,51097
VIRGINIA,KING WILLIAM,2023,16100,15900,98.8,51101
VIRGINIA,LANCASTER,2023,6900,6810,98.7,51103
VIRGINIA,MIDDLESEX,2023,5800,5720,98.6,51119
VIRGINIA,NORTHAMPTON,2023,21200,20900,98.6,51131
VIRGINIA,NORTHUMBERLAND,2023,16000,15800,98.8,51133
VIRGINIA,RICHMOND,2023,13000,12800,98.5,51159
VIRGINIA,RICHMOND,2023,13000,12800,98.5,51760
VIRGINIA,WESTMORELAND,2023,16200,16000,98.8,51193
VIRGINIA,CULPEPER,2023,13000,12800,98.5,51047
VIRGINIA,FAUQUIER,2023,13700,13600,99.3,51061
VIRGINIA,FREDERICK,2023,1500,1420,94.7,51069
VIRGINIA,MADISON,2023,6500,6390,98.3,51113
VIRGINIA,PAGE,2023,700,500,71.4,51139
VIRGINIA,ROCKINGHAM,2023,8400,8000,95.2,51165
VIRGINIA,SHENANDOAH,2023,6500,6320,97.2,51171
VIRGINIA,STAFFORD,2023,1500,1480,98.7,51179
VIRGINIA,BRUNSWICK,2023,11900,11700,98.3,51025
VIRGINIA,CHESAPEAKE CITY,2023,14200,14000,98.6,NA
VIRGINIA,DINWIDDIE,2023,16100,16000,99.4,51053
VIRGINIA,ISLE OF WIGHT,2023,14500,14200,97.9,51093
VIRGINIA,MECKLENBURG,2023,19900,19700,99,51117
VIRGINIA,SOUTHAMPTON,2023,19400,19100,98.5,51175
VIRGINIA,SUFFOLK CITY,2023,16100,15900,98.8,NA
VIRGINIA,SUSSEX,2023,18800,18600,98.9,51183
VIRGINIA,CHARLOTTE,2023,9100,8970,98.6,51037
VIRGINIA,FRANKLIN,2023,6600,6430,97.4,51067
VIRGINIA,FRANKLIN,2023,6600,6430,97.4,51620
VIRGINIA,LUNENBURG,2023,7800,7700,98.7,51111
VIRGINIA,NOTTOWAY,2023,4000,3950,98.8,51135
VIRGINIA,PITTSYLVANIA,2023,11200,10700,95.5,51143
VIRGINIA,AUGUSTA,2023,6900,6770,98.1,51015
VIRGINIA,BOTETOURT,2023,1300,1220,93.8,51023
VIRGINIA,AMELIA,2022,11100,10900,98.2,51007
VIRGINIA,APPOMATTOX,2022,2000,1970,98.5,51011
VIRGINIA,BUCKINGHAM,2022,2900,2810,96.9,51029
VIRGINIA,CAMPBELL,2022,6000,5890,98.2,51031
VIRGINIA,CAROLINE,2022,20200,19900,98.5,51033
VIRGINIA,CHESTERFIELD,2022,1300,1270,97.7,51041
VIRGINIA,GOOCHLAND,2022,3700,3650,98.6,51075
VIRGINIA,LOUISA,2022,6400,6310,98.6,51109
VIRGINIA,ORANGE,2022,7400,7300,98.6,51137
VIRGINIA,POWHATAN,2022,2100,2060,98.1,51145
VIRGINIA,PRINCE EDWARD,2022,1500,1480,98.7,51147
VIRGINIA,SPOTSYLVANIA,2022,5100,5030,98.6,51177
VIRGINIA,ACCOMACK,2022,34100,33600,98.5,51001
VIRGINIA,CHARLES CITY,2022,7600,7500,98.7,51036
VIRGINIA,ESSEX,2022,21600,21300,98.6,51057
VIRGINIA,GLOUCESTER,2022,7000,6900,98.6,51073
VIRGINIA,KING AND QUEEN,2022,18300,18100,98.9,51097
VIRGINIA,KING WILLIAM,2022,16400,16200,98.8,51101
VIRGINIA,MATHEWS,2022,1700,1550,91.2,51115
VIRGINIA,MIDDLESEX,2022,7600,7500,98.7,51119
VIRGINIA,NORTHAMPTON,2022,23200,22500,97,51131
VIRGINIA,NORTHUMBERLAND,2022,16500,16400,99.4,51133
VIRGINIA,RICHMOND,2022,15500,15300,98.7,51159
VIRGINIA,RICHMOND,2022,15500,15300,98.7,51760
VIRGINIA,WESTMORELAND,2022,18200,18000,98.9,51193
VIRGINIA,CULPEPER,2022,13100,12900,98.5,51047
VIRGINIA,FAUQUIER,2022,13600,13400,98.5,51061
VIRGINIA,FREDERICK,2022,1700,1680,98.8,51069
VIRGINIA,LOUDOUN,2022,4700,4640,98.7,51107
VIRGINIA,MADISON,2022,5800,5720,98.6,51113
VIRGINIA,PAGE,2022,700,610,87.1,51139
VIRGINIA,ROCKINGHAM,2022,9100,8980,98.7,51165
VIRGINIA,SHENANDOAH,2022,6000,5910,98.5,51171
VIRGINIA,STAFFORD,2022,1400,1350,96.4,51179
VIRGINIA,BRUNSWICK,2022,12600,12400,98.4,51025
VIRGINIA,CHESAPEAKE CITY,2022,14700,14600,99.3,NA
VIRGINIA,DINWIDDIE,2022,16200,16000,98.8,51053
VIRGINIA,ISLE OF WIGHT,2022,15200,15000,98.7,51093
VIRGINIA,MECKLENBURG,2022,21500,21300,99.1,51117
VIRGINIA,SOUTHAMPTON,2022,20500,20300,99,51175
VIRGINIA,SUFFOLK CITY,2022,18500,18300,98.9,NA
VIRGINIA,SURRY,2022,14500,14200,97.9,51181
VIRGINIA,VIRGINIA BEACH CITY,2022,10200,10000,98,NA
VIRGINIA,CHARLOTTE,2022,9000,8880,98.7,51037
VIRGINIA,FRANKLIN,2022,6600,6480,98.2,51067
VIRGINIA,FRANKLIN,2022,6600,6480,98.2,51620
VIRGINIA,HALIFAX,2022,13400,13100,97.8,51083
VIRGINIA,LUNENBURG,2022,7200,6970,96.8,51111
VIRGINIA,PITTSYLVANIA,2022,10400,10100,97.1,51143
VIRGINIA,AUGUSTA,2022,7300,7100,97.3,51015
VIRGINIA,AMELIA,2021,11000,10700,97.3,51007
VIRGINIA,CAMPBELL,2021,5500,5240,95.3,51031
VIRGINIA,CAROLINE,2021,22000,21700,98.6,51033
VIRGINIA,CHESTERFIELD,2021,1300,1270,97.7,51041
VIRGINIA,GOOCHLAND,2021,4000,3900,97.5,51075
VIRGINIA,HENRICO,2021,4400,4340,98.6,51087
VIRGINIA,LOUISA,2021,4600,4530,98.5,51109
VIRGINIA,ORANGE,2021,7300,7200,98.6,51137
VIRGINIA,SPOTSYLVANIA,2021,4700,4630,98.5,51177
VIRGINIA,ACCOMACK,2021,32500,32000,98.5,51001
VIRGINIA,CHARLES CITY,2021,7300,7200,98.6,51036
VIRGINIA,ESSEX,2021,19500,19200,98.5,51057
VIRGINIA,GLOUCESTER,2021,5800,5720,98.6,51073
VIRGINIA,KING AND QUEEN,2021,16100,15900,98.8,51097
VIRGINIA,KING WILLIAM,2021,16100,15900,98.8,51101
VIRGINIA,MATHEWS,2021,1300,1280,98.5,51115
VIRGINIA,MIDDLESEX,2021,6700,6610,98.7,51119
VIRGINIA,NEW KENT,2021,4900,4830,98.6,51127
VIRGINIA,NORTHAMPTON,2021,22300,22000,98.7,51131
VIRGINIA,NORTHUMBERLAND,2021,15700,15500,98.7,51133
VIRGINIA,RICHMOND,2021,13600,13400,98.5,51159
VIRGINIA,RICHMOND,2021,13600,13400,98.5,51760
VIRGINIA,WESTMORELAND,2021,16300,16100,98.8,51193
VIRGINIA,CULPEPER,2021,12300,12100,98.4,51047
VIRGINIA,FAUQUIER,2021,12100,11900,98.3,51061
VIRGINIA,FREDERICK,2021,1700,1680,98.8,51069
VIRGINIA,LOUDOUN,2021,4100,4040,98.5,51107
VIRGINIA,MADISON,2021,6200,6110,98.5,51113
VIRGINIA,PAGE,2021,800,790,98.8,51139
VIRGINIA,ROCKINGHAM,2021,9300,9170,98.6,51165
VIRGINIA,SHENANDOAH,2021,5100,5000,98,51171
VIRGINIA,STAFFORD,2021,1500,1480,98.7,51179
VIRGINIA,BRUNSWICK,2021,11800,11600,98.3,51025
VIRGINIA,CHESAPEAKE CITY,2021,18200,18000,98.9,NA
VIRGINIA,DINWIDDIE,2021,15200,15000,98.7,51053
VIRGINIA,GREENSVILLE,2021,10200,10100,99,51081
VIRGINIA,ISLE OF WIGHT,2021,16100,15800,98.1,51093
VIRGINIA,MECKLENBURG,2021,20100,19800,98.5,51117
VIRGINIA,PRINCE GEORGE,2021,11000,10800,98.2,51149
VIRGINIA,SOUTHAMPTON,2021,22000,21600,98.2,51175
VIRGINIA,SUFFOLK CITY,2021,18000,17800,98.9,NA
VIRGINIA,SURRY,2021,14600,14400,98.6,51181
VIRGINIA,SUSSEX,2021,21100,20800,98.6,51183
VIRGINIA,VIRGINIA BEACH CITY,2021,10000,9860,98.6,NA
VIRGINIA,CHARLOTTE,2021,8400,8280,98.6,51037
VIRGINIA,FRANKLIN,2021,8100,7880,97.3,51067
VIRGINIA,FRANKLIN,2021,8100,7880,97.3,51620
VIRGINIA,LUNENBURG,2021,6400,6300,98.4,51111
VIRGINIA,NOTTOWAY,2021,3800,3750,98.7,51135
VIRGINIA,PITTSYLVANIA,2021,9100,8550,94,51143
VIRGINIA,AUGUSTA,2021,7200,7090,98.5,51015
VIRGINIA,BOTETOURT,2021,1300,1250,96.2,51023
VIRGINIA,AMELIA,2020,9600,9440,98.3,51007
VIRGINIA,APPOMATTOX,2020,2000,1970,98.5,51011
VIRGINIA,CAMPBELL,2020,5200,5060,97.3,51031
VIRGINIA,CAROLINE,2020,19500,19100,97.9,51033
VIRGINIA,CHESTERFIELD,2020,1400,1360,97.1,51041
VIRGINIA,LOUISA,2020,5900,5800,98.3,51109
VIRGINIA,ORANGE,2020,5100,5030,98.6,51137
VIRGINIA,PRINCE EDWARD,2020,1300,1110,85.4,51147
VIRGINIA,SPOTSYLVANIA,2020,5200,5130,98.7,51177
VIRGINIA,ACCOMACK,2020,34000,33300,97.9,51001
VIRGINIA,CHARLES CITY,2020,7400,7290,98.5,51036
VIRGINIA,ESSEX,2020,18400,18100,98.4,51057
VIRGINIA,GLOUCESTER,2020,6100,6010,98.5,51073
VIRGINIA,KING AND QUEEN,2020,17000,16800,98.8,51097
VIRGINIA,KING WILLIAM,2020,16900,16700,98.8,51101
VIRGINIA,LANCASTER,2020,7300,7200,98.6,51103
VIRGINIA,MATHEWS,2020,1900,1860,97.9,51115
VIRGINIA,MIDDLESEX,2020,7000,6900,98.6,51119
VIRGINIA,NEW KENT,2020,4400,4230,96.1,51127
VIRGINIA,NORTHAMPTON,2020,21000,20800,99,51131
VIRGINIA,NORTHUMBERLAND,2020,15400,15200,98.7,51133
VIRGINIA,RICHMOND,2020,14700,14500,98.6,51159
VIRGINIA,RICHMOND,2020,14700,14500,98.6,51760
VIRGINIA,WESTMORELAND,2020,17200,17100,99.4,51193
VIRGINIA,CULPEPER,2020,8900,8770,98.5,51047
VIRGINIA,FAUQUIER,2020,11800,11600,98.3,51061
VIRGINIA,FREDERICK,2020,1200,1180,98.3,51069
VIRGINIA,LOUDOUN,2020,4800,4640,96.7,51107
VIRGINIA,MADISON,2020,6300,6210,98.6,51113
VIRGINIA,PAGE,2020,600,590,98.3,51139
VIRGINIA,ROCKINGHAM,2020,7700,7500,97.4,51165
VIRGINIA,SHENANDOAH,2020,3700,3620,97.8,51171
VIRGINIA,BRUNSWICK,2020,11200,11000,98.2,51025
VIRGINIA,CHESAPEAKE CITY,2020,21200,21100,99.5,NA
VIRGINIA,DINWIDDIE,2020,16600,16400,98.8,51053
VIRGINIA,GREENSVILLE,2020,9900,9650,97.5,51081
VIRGINIA,ISLE OF WIGHT,2020,16000,15800,98.8,51093
VIRGINIA,MECKLENBURG,2020,17700,17500,98.9,51117
VIRGINIA,PRINCE GEORGE,2020,8600,8480,98.6,51149
VIRGINIA,SOUTHAMPTON,2020,19000,18700,98.4,51175
VIRGINIA,SUFFOLK CITY,2020,16500,16400,99.4,NA
VIRGINIA,SURRY,2020,14500,14300,98.6,51181
VIRGINIA,SUSSEX,2020,19700,19600,99.5,51183
VIRGINIA,VIRGINIA BEACH CITY,2020,9700,9550,98.5,NA
VIRGINIA,CHARLOTTE,2020,7100,6940,97.7,51037
VIRGINIA,FRANKLIN,2020,7000,6700,95.7,51067
VIRGINIA,FRANKLIN,2020,7000,6700,95.7,51620
VIRGINIA,HALIFAX,2020,10800,10500,97.2,51083
VIRGINIA,LUNENBURG,2020,6000,5630,93.8,51111
VIRGINIA,NOTTOWAY,2020,2700,2600,96.3,51135
VIRGINIA,PITTSYLVANIA,2020,6200,5850,94.4,51143
VIRGINIA,AUGUSTA,2020,5600,5510,98.4,51015
VIRGINIA,BOTETOURT,2020,1100,1080,98.2,51023
VIRGINIA,AMELIA,2019,10600,10500,99.1,51007
VIRGINIA,CAROLINE,2019,20800,20700,99.5,51033
VIRGINIA,CHESTERFIELD,2019,1600,1450,90.6,51041
VIRGINIA,LOUISA,2019,5100,5040,98.8,51109
VIRGINIA,ORANGE,2019,6200,6140,99,51137
VIRGINIA,OTHER (COMBINED) COUNTIES,2019,157500,153630,97.5,NA
VIRGINIA,PRINCE EDWARD,2019,1200,1190,99.2,51147
VIRGINIA,SPOTSYLVANIA,2019,4200,4180,99.5,51177
VIRGINIA,ACCOMACK,2019,31500,31300,99.4,51001
VIRGINIA,ESSEX,2019,19500,19400,99.5,51057
VIRGINIA,GLOUCESTER,2019,5900,5800,98.3,51073
VIRGINIA,KING AND QUEEN,2019,15900,15800,99.4,51097
VIRGINIA,KING WILLIAM,2019,17200,17100,99.4,51101
VIRGINIA,MIDDLESEX,2019,6400,6300,98.4,51119
VIRGINIA,NEW KENT,2019,4900,4800,98,51127
VIRGINIA,NORTHAMPTON,2019,19700,19300,98,51131
VIRGINIA,NORTHUMBERLAND,2019,16000,15700,98.1,51133
VIRGINIA,WESTMORELAND,2019,17100,17000,99.4,51193
VIRGINIA,CULPEPER,2019,10800,10700,99.1,51047
VIRGINIA,FAUQUIER,2019,11100,11000,99.1,51061
VIRGINIA,FREDERICK,2019,1400,1380,98.6,51069
VIRGINIA,MADISON,2019,6300,6250,99.2,51113
VIRGINIA,PAGE,2019,900,870,96.7,51139
VIRGINIA,ROCKINGHAM,2019,8400,8080,96.2,51165
VIRGINIA,BRUNSWICK,2019,11000,10600,96.4,51025
VIRGINIA,CHESAPEAKE CITY,2019,19500,19400,99.5,NA
VIRGINIA,DINWIDDIE,2019,16300,16100,98.8,51053
VIRGINIA,GREENSVILLE,2019,8900,8800,98.9,51081
VIRGINIA,ISLE OF WIGHT,2019,14000,13800,98.6,51093
VIRGINIA,MECKLENBURG,2019,18900,18600,98.4,51117
VIRGINIA,PRINCE GEORGE,2019,10300,10200,99,51149
VIRGINIA,SOUTHAMPTON,2019,18400,18200,98.9,51175
VIRGINIA,SURRY,2019,12100,11800,97.5,51181
VIRGINIA,CHARLOTTE,2019,9700,9600,99,51037
VIRGINIA,FRANKLIN,2019,7600,7000,92.1,51067
VIRGINIA,FRANKLIN,2019,7600,7000,92.1,51620
VIRGINIA,HALIFAX,2019,11300,10900,96.5,51083
VIRGINIA,NOTTOWAY,2019,3500,3490,99.7,51135
VIRGINIA,AMELIA,2018,10600,10500,99.1,51007
VIRGINIA,APPOMATTOX,2018,2000,2000,100,51011
VIRGINIA,CAROLINE,2018,21100,21000,99.5,51033
VIRGINIA,CHESTERFIELD,2018,1300,1210,93.1,51041
VIRGINIA,HANOVER,2018,18600,18400,98.9,51085
VIRGINIA,LOUISA,2018,6400,6350,99.2,51109
VIRGINIA,ORANGE,2018,6700,6420,95.8,51137
VIRGINIA,OTHER (COMBINED) COUNTIES,2018,141600,138260,97.6,NA
VIRGINIA,POWHATAN,2018,2300,2260,98.3,51145
VIRGINIA,SPOTSYLVANIA,2018,4900,4870,99.4,51177
VIRGINIA,ACCOMACK,2018,35700,35400,99.2,51001
VIRGINIA,ESSEX,2018,19200,19100,99.5,51057
VIRGINIA,KING AND QUEEN,2018,17200,17000,98.8,51097
VIRGINIA,KING GEORGE,2018,4600,4270,92.8,51099
VIRGINIA,KING WILLIAM,2018,17300,17200,99.4,51101
VIRGINIA,MIDDLESEX,2018,7600,7580,99.7,51119
VIRGINIA,NORTHAMPTON,2018,20300,20100,99,51131
VIRGINIA,NORTHUMBERLAND,2018,16100,16000,99.4,51133
VIRGINIA,RICHMOND,2018,13900,13800,99.3,51159
VIRGINIA,RICHMOND,2018,13900,13800,99.3,51760
VIRGINIA,WESTMORELAND,2018,18200,18100,99.5,51193
VIRGINIA,CULPEPER,2018,11000,10500,95.5,51047
VIRGINIA,FAUQUIER,2018,13000,12800,98.5,51061
VIRGINIA,FREDERICK,2018,1800,1780,98.9,51069
VIRGINIA,MADISON,2018,6700,6610,98.7,51113
VIRGINIA,PAGE,2018,700,700,100,51139
VIRGINIA,ROCKINGHAM,2018,9300,9210,99,51165
VIRGINIA,SHENANDOAH,2018,4800,4780,99.6,51171
VIRGINIA,CHESAPEAKE CITY,2018,20600,20600,100,NA
VIRGINIA,DINWIDDIE,2018,15900,15700,98.7,51053
VIRGINIA,GREENSVILLE,2018,9300,9100,97.8,51081
VIRGINIA,ISLE OF WIGHT,2018,15300,15200,99.3,51093
VIRGINIA,MECKLENBURG,2018,18100,17800,98.3,51117
VIRGINIA,PRINCE GEORGE,2018,10900,10800,99.1,51149
VIRGINIA,SUFFOLK CITY,2018,18500,18400,99.5,NA
VIRGINIA,SURRY,2018,13800,13600,98.6,51181
VIRGINIA,VIRGINIA BEACH CITY,2018,9900,9800,99,NA
VIRGINIA,CHARLOTTE,2018,8800,8370,95.1,51037
VIRGINIA,LUNENBURG,2018,6000,5830,97.2,51111
VIRGINIA,NOTTOWAY,2018,3300,3300,100,51135
VIRGINIA,PATRICK,2018,700,600,85.7,51141
VIRGINIA,PITTSYLVANIA,2018,6600,6100,92.4,51143
VIRGINIA,AMELIA,2017,10200,10100,99,51007
VIRGINIA,BEDFORD,2017,700,650,92.9,51019
VIRGINIA,CAMPBELL,2017,6000,5810,96.8,51031
VIRGINIA,CAROLINE,2017,21700,21700,100,51033
VIRGINIA,CHESTERFIELD,2017,1700,1660,97.6,51041
VIRGINIA,CUMBERLAND,2017,2800,2770,98.9,51049
VIRGINIA,GOOCHLAND,2017,4200,4160,99,51075
VIRGINIA,LOUISA,2017,5600,5540,98.9,51109
VIRGINIA,ORANGE,2017,6800,6740,99.1,51137
VIRGINIA,OTHER (COMBINED) COUNTIES,2017,114600,112160,97.9,NA
VIRGINIA,PRINCE EDWARD,2017,1200,1120,93.3,51147
VIRGINIA,SPOTSYLVANIA,2017,3600,3560,98.9,51177
VIRGINIA,ACCOMACK,2017,34300,33700,98.3,51001
VIRGINIA,CHARLES CITY,2017,8300,8200,98.8,51036
VIRGINIA,ESSEX,2017,20100,19800,98.5,51057
VIRGINIA,GLOUCESTER,2017,6900,6860,99.4,51073
VIRGINIA,KING AND QUEEN,2017,16700,16500,98.8,51097
VIRGINIA,KING GEORGE,2017,5000,4970,99.4,51099
VIRGINIA,KING WILLIAM,2017,16600,16400,98.8,51101
VIRGINIA,NORTHAMPTON,2017,20600,20300,98.5,51131
VIRGINIA,NORTHUMBERLAND,2017,15600,15400,98.7,51133
VIRGINIA,RICHMOND,2017,15200,15000,98.7,51159
VIRGINIA,RICHMOND,2017,15200,15000,98.7,51760
VIRGINIA,WESTMORELAND,2017,18000,17700,98.3,51193
VIRGINIA,CULPEPER,2017,10300,10200,99,51047
VIRGINIA,FAUQUIER,2017,12700,12600,99.2,51061
VIRGINIA,FREDERICK,2017,1400,1370,97.9,51069
VIRGINIA,LOUDOUN,2017,6500,6410,98.6,51107
VIRGINIA,MADISON,2017,6600,6500,98.5,51113
VIRGINIA,PAGE,2017,700,680,97.1,51139
VIRGINIA,ROCKINGHAM,2017,7500,7380,98.4,51165
VIRGINIA,SHENANDOAH,2017,5300,5170,97.5,51171
VIRGINIA,BRUNSWICK,2017,10800,10600,98.1,51025
VIRGINIA,CHESAPEAKE CITY,2017,21500,21300,99.1,NA
VIRGINIA,DINWIDDIE,2017,14300,13900,97.2,51053
VIRGINIA,GREENSVILLE,2017,9500,9400,98.9,51081
VIRGINIA,ISLE OF WIGHT,2017,17300,17000,98.3,51093
VIRGINIA,PRINCE GEORGE,2017,9500,9400,98.9,51149
VIRGINIA,SOUTHAMPTON,2017,22900,22600,98.7,51175
VIRGINIA,SUFFOLK CITY,2017,19600,19400,99,NA
VIRGINIA,SURRY,2017,15600,15400,98.7,51181
VIRGINIA,VIRGINIA BEACH CITY,2017,10700,10600,99.1,NA
VIRGINIA,CHARLOTTE,2017,8500,8310,97.8,51037
VIRGINIA,HALIFAX,2017,10300,9770,94.9,51083
VIRGINIA,LUNENBURG,2017,5200,5140,98.8,51111
VIRGINIA,NOTTOWAY,2017,3300,3270,99.1,51135
VIRGINIA,PITTSYLVANIA,2017,5300,5000,94.3,51143
VIRGINIA,AMELIA,2016,10300,10200,99,51007
VIRGINIA,APPOMATTOX,2016,1900,1830,96.3,51011
VIRGINIA,BEDFORD,2016,900,640,71.1,51019
VIRGINIA,CAROLINE,2016,21600,21500,99.5,51033
VIRGINIA,CUMBERLAND,2016,3200,3000,93.8,51049
VIRGINIA,GOOCHLAND,2016,3700,3650,98.6,51075
VIRGINIA,HANOVER,2016,18300,18200,99.5,51085
VIRGINIA,LOUISA,2016,6500,6400,98.5,51109
VIRGINIA,ORANGE,2016,6600,6500,98.5,51137
VIRGINIA,OTHER (COMBINED) COUNTIES,2016,119900,116980,97.6,NA
VIRGINIA,POWHATAN,2016,2200,2130,96.8,51145
VIRGINIA,PRINCE EDWARD,2016,1300,1240,95.4,51147
VIRGINIA,SPOTSYLVANIA,2016,3700,3650,98.6,51177
VIRGINIA,ACCOMACK,2016,34500,34100,98.8,51001
VIRGINIA,CHARLES CITY,2016,7800,7750,99.4,51036
VIRGINIA,ESSEX,2016,18500,18400,99.5,51057
VIRGINIA,GLOUCESTER,2016,6900,6850,99.3,51073
VIRGINIA,KING AND QUEEN,2016,16100,16000,99.4,51097
VIRGINIA,KING WILLIAM,2016,17100,17000,99.4,51101
VIRGINIA,MIDDLESEX,2016,8000,7900,98.8,51119
VIRGINIA,NORTHAMPTON,2016,22500,22400,99.6,51131
VIRGINIA,NORTHUMBERLAND,2016,16800,16700,99.4,51133
VIRGINIA,RICHMOND,2016,14600,14500,99.3,51159
VIRGINIA,RICHMOND,2016,14600,14500,99.3,51760
VIRGINIA,WESTMORELAND,2016,19100,19000,99.5,51193
VIRGINIA,CULPEPER,2016,9900,9800,99,51047
VIRGINIA,FAUQUIER,2016,9000,8900,98.9,51061
VIRGINIA,FREDERICK,2016,2100,2070,98.6,51069
VIRGINIA,MADISON,2016,5500,5450,99.1,51113
VIRGINIA,PAGE,2016,900,880,97.8,51139
VIRGINIA,RAPPAHANNOCK,2016,500,480,96,51157
VIRGINIA,ROCKINGHAM,2016,8000,7900,98.8,51165
VIRGINIA,SHENANDOAH,2016,5100,4900,96.1,51171
VIRGINIA,BRUNSWICK,2016,10400,10200,98.1,51025
VIRGINIA,DINWIDDIE,2016,16600,16200,97.6,51053
VIRGINIA,GREENSVILLE,2016,10500,10300,98.1,51081
VIRGINIA,ISLE OF WIGHT,2016,22000,21700,98.6,51093
VIRGINIA,PRINCE GEORGE,2016,11600,11500,99.1,51149
VIRGINIA,SOUTHAMPTON,2016,27700,27300,98.6,51175
VIRGINIA,SUFFOLK CITY,2016,20500,20200,98.5,NA
VIRGINIA,SURRY,2016,16600,16000,96.4,51181
VIRGINIA,VIRGINIA BEACH CITY,2016,10900,10700,98.2,NA
VIRGINIA,CHARLOTTE,2016,8300,8200,98.8,51037
VIRGINIA,HALIFAX,2016,9500,9400,98.9,51083
VIRGINIA,LUNENBURG,2016,5400,5300,98.1,51111
VIRGINIA,NOTTOWAY,2016,2600,2550,98.1,51135
VIRGINIA,PITTSYLVANIA,2016,5700,5450,95.6,51143
VIRGINIA,AMELIA,2015,10600,10500,99.1,51007
VIRGINIA,APPOMATTOX,2015,1600,1550,96.9,51011
VIRGINIA,BEDFORD,2015,1100,1000,90.9,51019
VIRGINIA,CAMPBELL,2015,6200,6000,96.8,51031
VIRGINIA,CAROLINE,2015,22000,21900,99.5,51033
VIRGINIA,CHESTERFIELD,2015,1600,1550,96.9,51041
VIRGINIA,LOUISA,2015,5200,5150,99,51109
VIRGINIA,OTHER (COMBINED) COUNTIES,2015,235500,232060,98.5,NA
VIRGINIA,PRINCE EDWARD,2015,1100,1050,95.5,51147
VIRGINIA,SPOTSYLVANIA,2015,3700,3650,98.6,51177
VIRGINIA,ACCOMACK,2015,38700,38600,99.7,51001
VIRGINIA,CHARLES CITY,2015,7700,7580,98.4,51036
VIRGINIA,ESSEX,2015,19700,19400,98.5,51057
VIRGINIA,GLOUCESTER,2015,7100,7000,98.6,51073
VIRGINIA,KING AND QUEEN,2015,16600,16500,99.4,51097
VIRGINIA,NORTHAMPTON,2015,23500,23200,98.7,51131
VIRGINIA,NORTHUMBERLAND,2015,17500,17200,98.3,51133
VIRGINIA,RICHMOND,2015,15700,15500,98.7,51159
VIRGINIA,RICHMOND,2015,15700,15500,98.7,51760
VIRGINIA,WESTMORELAND,2015,19000,18700,98.4,51193
VIRGINIA,CULPEPER,2015,11000,10800,98.2,51047
VIRGINIA,FAUQUIER,2015,9300,9100,97.8,51061
VIRGINIA,FREDERICK,2015,1900,1860,97.9,51069
VIRGINIA,LOUDOUN,2015,5300,5150,97.2,51107
VIRGINIA,MADISON,2015,6600,6500,98.5,51113
VIRGINIA,PAGE,2015,900,800,88.9,51139
VIRGINIA,RAPPAHANNOCK,2015,600,550,91.7,51157
VIRGINIA,ROCKINGHAM,2015,6900,6700,97.1,51165
VIRGINIA,SHENANDOAH,2015,5000,4900,98,51171
VIRGINIA,STAFFORD,2015,1600,1550,96.9,51179
VIRGINIA,BRUNSWICK,2015,11200,11000,98.2,51025
VIRGINIA,CHESAPEAKE CITY,2015,21900,21700,99.1,NA
VIRGINIA,GREENSVILLE,2015,10900,10500,96.3,51081
VIRGINIA,PRINCE GEORGE,2015,10400,10300,99,51149
VIRGINIA,SURRY,2015,17700,17600,99.4,51181
VIRGINIA,VIRGINIA BEACH CITY,2015,11700,11500,98.3,NA
VIRGINIA,CHARLOTTE,2015,9100,8800,96.7,51037
VIRGINIA,HALIFAX,2015,10300,9900,96.1,51083
VIRGINIA,LUNENBURG,2015,6100,6000,98.4,51111
VIRGINIA,NOTTOWAY,2015,3700,3650,98.6,51135
VIRGINIA,PITTSYLVANIA,2015,5700,5350,93.9,51143
VIRGINIA,AMELIA,2014,10400,9850,94.7,51007
VIRGINIA,APPOMATTOX,2014,2600,2550,98.1,51011
VIRGINIA,BEDFORD,2014,1200,1050,87.5,51019
VIRGINIA,CAMPBELL,2014,7100,7000,98.6,51031
VIRGINIA,CAROLINE,2014,21300,21200,99.5,51033
VIRGINIA,CHESTERFIELD,2014,1800,1750,97.2,51041
VIRGINIA,CUMBERLAND,2014,2400,2350,97.9,51049
VIRGINIA,GOOCHLAND,2014,3800,3750,98.7,51075
VIRGINIA,HANOVER,2014,19000,18900,99.5,51085
VIRGINIA,HENRICO,2014,4300,4100,95.3,51087
VIRGINIA,LOUISA,2014,5200,5150,99,51109
VIRGINIA,ORANGE,2014,7900,7780,98.5,51137
VIRGINIA,OTHER (COMBINED) COUNTIES,2014,112900,111110,98.4,NA
VIRGINIA,POWHATAN,2014,2500,2470,98.8,51145
VIRGINIA,PRINCE EDWARD,2014,1200,1070,89.2,51147
VIRGINIA,SPOTSYLVANIA,2014,5100,5050,99,51177
VIRGINIA,ACCOMACK,2014,39900,39200,98.2,51001
VIRGINIA,CHARLES CITY,2014,8600,8570,99.7,51036
VIRGINIA,ESSEX,2014,18500,18300,98.9,51057
VIRGINIA,GLOUCESTER,2014,7100,7050,99.3,51073
VIRGINIA,KING AND QUEEN,2014,16500,16400,99.4,51097
VIRGINIA,KING GEORGE,2014,4100,4050,98.8,51099
VIRGINIA,KING WILLIAM,2014,17100,16800,98.2,51101
VIRGINIA,MIDDLESEX,2014,7900,7750,98.1,51119
VIRGINIA,NEW KENT,2014,5000,4900,98,51127
VIRGINIA,NORTHAMPTON,2014,22600,22300,98.7,51131
VIRGINIA,NORTHUMBERLAND,2014,15500,15400,99.4,51133
VIRGINIA,RICHMOND,2014,14500,14400,99.3,51159
VIRGINIA,RICHMOND,2014,14500,14400,99.3,51760
VIRGINIA,WESTMORELAND,2014,20200,20000,99,51193
VIRGINIA,CLARKE,2014,2600,2600,100,51043
VIRGINIA,CULPEPER,2014,13400,13300,99.3,51047
VIRGINIA,FAUQUIER,2014,11300,11200,99.1,51061
VIRGINIA,FREDERICK,2014,2000,1960,98,51069
VIRGINIA,LOUDOUN,2014,5000,4650,93,51107
VIRGINIA,MADISON,2014,6300,6250,99.2,51113
VIRGINIA,PAGE,2014,1000,1000,100,51139
VIRGINIA,ROCKINGHAM,2014,7700,7600,98.7,51165
VIRGINIA,SHENANDOAH,2014,5200,5140,98.8,51171
VIRGINIA,STAFFORD,2014,1700,1700,100,51179
VIRGINIA,BRUNSWICK,2014,10400,10200,98.1,51025
VIRGINIA,CHESAPEAKE CITY,2014,25600,25100,98,NA
VIRGINIA,GREENSVILLE,2014,10500,10400,99,51081
VIRGINIA,ISLE OF WIGHT,2014,22100,21800,98.6,51093
VIRGINIA,MECKLENBURG,2014,18600,18200,97.8,51117
VIRGINIA,PRINCE GEORGE,2014,11700,11600,99.1,51149
VIRGINIA,SURRY,2014,16500,16400,99.4,51181
VIRGINIA,SUSSEX,2014,26400,26100,98.9,51183
VIRGINIA,VIRGINIA BEACH CITY,2014,12100,12000,99.2,NA
VIRGINIA,CHARLOTTE,2014,8200,8050,98.2,51037
VIRGINIA,FRANKLIN,2014,4300,4040,94,51067
VIRGINIA,FRANKLIN,2014,4300,4040,94,51620
VIRGINIA,HALIFAX,2014,9200,8850,96.2,51083
VIRGINIA,LUNENBURG,2014,6300,6200,98.4,51111
VIRGINIA,PITTSYLVANIA,2014,5000,4730,94.6,51143
VIRGINIA,ROCKBRIDGE,2014,700,680,97.1,51163
VIRGINIA,AMELIA,2013,8300,8200,98.8,51007
VIRGINIA,APPOMATTOX,2013,2100,2000,95.2,51011
VIRGINIA,BEDFORD,2013,900,770,85.6,51019
VIRGINIA,CAROLINE,2013,20000,19900,99.5,51033
VIRGINIA,CHESTERFIELD,2013,1300,1300,100,51041
VIRGINIA,CUMBERLAND,2013,1600,1580,98.8,51049
VIRGINIA,GOOCHLAND,2013,3500,3300,94.3,51075
VIRGINIA,HANOVER,2013,18400,18300,99.5,51085
VIRGINIA,LOUISA,2013,5200,5100,98.1,51109
VIRGINIA,ORANGE,2013,6000,5950,99.2,51137
VIRGINIA,OTHER (COMBINED) COUNTIES,2013,90800,88890,97.9,NA
VIRGINIA,POWHATAN,2013,2800,2750,98.2,51145
VIRGINIA,PRINCE EDWARD,2013,1100,990,90,51147
VIRGINIA,SPOTSYLVANIA,2013,4100,3900,95.1,51177
VIRGINIA,ACCOMACK,2013,38100,37500,98.4,51001
VIRGINIA,ESSEX,2013,19900,19700,99,51057
VIRGINIA,GLOUCESTER,2013,7000,6900,98.6,51073
VIRGINIA,KING AND QUEEN,2013,17000,16700,98.2,51097
VIRGINIA,KING WILLIAM,2013,16000,15800,98.8,51101
VIRGINIA,MATHEWS,2013,1700,1650,97.1,51115
VIRGINIA,MIDDLESEX,2013,6300,6250,99.2,51119
VIRGINIA,NEW KENT,2013,5200,5100,98.1,51127
VIRGINIA,NORTHAMPTON,2013,24900,24400,98,51131
VIRGINIA,NORTHUMBERLAND,2013,17200,17000,98.8,51133
VIRGINIA,RICHMOND,2013,14100,13900,98.6,51159
VIRGINIA,RICHMOND,2013,14100,13900,98.6,51760
VIRGINIA,WESTMORELAND,2013,17500,17300,98.9,51193
VIRGINIA,CLARKE,2013,2400,2350,97.9,51043
VIRGINIA,CULPEPER,2013,9900,9750,98.5,51047
VIRGINIA,FAUQUIER,2013,9900,9600,97,51061
VIRGINIA,FREDERICK,2013,1800,1770,98.3,51069
VIRGINIA,MADISON,2013,6100,6000,98.4,51113
VIRGINIA,PAGE,2013,800,790,98.8,51139
VIRGINIA,PRINCE WILLIAM,2013,1500,1480,98.7,51153
VIRGINIA,ROCKINGHAM,2013,6900,6700,97.1,51165
VIRGINIA,SHENANDOAH,2013,5200,5050,97.1,51171
VIRGINIA,STAFFORD,2013,1700,1680,98.8,51179
VIRGINIA,BRUNSWICK,2013,9500,9200,96.8,51025
VIRGINIA,CHESAPEAKE CITY,2013,23000,22900,99.6,NA
VIRGINIA,DINWIDDIE,2013,14500,14400,99.3,51053
VIRGINIA,GREENSVILLE,2013,10000,9950,99.5,51081
VIRGINIA,ISLE OF WIGHT,2013,22500,22400,99.6,51093
VIRGINIA,MECKLENBURG,2013,17500,17200,98.3,51117
VIRGINIA,PRINCE GEORGE,2013,9700,9550,98.5,51149
VIRGINIA,SOUTHAMPTON,2013,36500,36100,98.9,51175
VIRGINIA,SURRY,2013,17000,16800,98.8,51181
VIRGINIA,SUSSEX,2013,25000,24900,99.6,51183
VIRGINIA,CHARLOTTE,2013,7600,7550,99.3,51037
VIRGINIA,FRANKLIN,2013,2900,2800,96.6,51067
VIRGINIA,FRANKLIN,2013,2900,2800,96.6,51620
VIRGINIA,HALIFAX,2013,6800,6000,88.2,51083
VIRGINIA,LUNENBURG,2013,6100,5900,96.7,51111
VIRGINIA,PITTSYLVANIA,2013,4200,4050,96.4,51143
MARYLAND,DORCHESTER,2024,44700,44100,98.7,24019
MARYLAND,SOMERSET,2024,18000,17800,98.9,24039
MARYLAND,WORCESTER,2024,34400,34000,98.8,24047
MARYLAND,BALTIMORE,2024,13800,13500,97.8,24005
MARYLAND,BALTIMORE,2024,13800,13500,97.8,24510
MARYLAND,CARROLL,2024,27200,26900,98.9,24013
MARYLAND,FREDERICK,2024,39200,37700,96.2,24021
MARYLAND,HARFORD,2024,14600,14300,97.9,24025
MARYLAND,HOWARD,2024,4600,4500,97.8,24027
MARYLAND,MONTGOMERY,2024,14100,13500,95.7,24031
MARYLAND,WASHINGTON,2024,15100,14900,98.7,24043
MARYLAND,ANNE ARUNDEL,2024,4900,4840,98.8,24003
MARYLAND,CHARLES,2024,11100,9600,86.5,24017
MARYLAND,CAROLINE,2024,47100,46500,98.7,24011
MARYLAND,CECIL,2024,19100,18900,99,24015
MARYLAND,KENT,2024,45100,44600,98.9,24029
MARYLAND,QUEEN ANNES,2024,53800,53000,98.5,NA
MARYLAND,TALBOT,2024,41000,40400,98.5,24041
MARYLAND,GARRETT,2024,3200,3000,93.8,24023
MARYLAND,SOMERSET,2023,17000,16700,98.2,24039
MARYLAND,WICOMICO,2023,20500,20100,98,24045
MARYLAND,WORCESTER,2023,33400,32700,97.9,24047
MARYLAND,CARROLL,2023,26900,26500,98.5,24013
MARYLAND,FREDERICK,2023,36200,35500,98.1,24021
MARYLAND,HOWARD,2023,4600,4480,97.4,24027
MARYLAND,MONTGOMERY,2023,14900,14600,98,24031
MARYLAND,WASHINGTON,2023,15000,14700,98,24043
MARYLAND,ANNE ARUNDEL,2023,4400,4300,97.7,24003
MARYLAND,CALVERT,2023,3200,3120,97.5,24009
MARYLAND,CHARLES,2023,10200,9970,97.7,24017
MARYLAND,PRINCE GEORGES,2023,2700,2610,96.7,NA
MARYLAND,ST MARYS,2023,15000,14700,98,NA
MARYLAND,CAROLINE,2023,44900,43800,97.6,24011
MARYLAND,CECIL,2023,20300,19900,98,24015
MARYLAND,KENT,2023,43100,42200,97.9,24029
MARYLAND,QUEEN ANNES,2023,50300,49300,98,NA
MARYLAND,TALBOT,2023,37800,37000,97.9,24041
MARYLAND,GARRETT,2023,3100,3040,98.1,24023
MARYLAND,SOMERSET,2022,19100,18700,97.9,24039
MARYLAND,WICOMICO,2022,22600,22300,98.7,24045
MARYLAND,WORCESTER,2022,35600,35100,98.6,24047
MARYLAND,BALTIMORE,2022,13700,13400,97.8,24005
MARYLAND,BALTIMORE,2022,13700,13400,97.8,24510
MARYLAND,CARROLL,2022,28400,27800,97.9,24013
MARYLAND,FREDERICK,2022,42000,41300,98.3,24021
MARYLAND,HARFORD,2022,14400,14000,97.2,24025
MARYLAND,WASHINGTON,2022,15400,15200,98.7,24043
MARYLAND,ANNE ARUNDEL,2022,4800,4700,97.9,24003
MARYLAND,CALVERT,2022,3500,3470,99.1,24009
MARYLAND,CHARLES,2022,11400,11000,96.5,24017
MARYLAND,ST MARYS,2022,16100,15900,98.8,NA
MARYLAND,CAROLINE,2022,49800,48700,97.8,24011
MARYLAND,CECIL,2022,22900,22700,99.1,24015
MARYLAND,KENT,2022,45600,44400,97.4,24029
MARYLAND,TALBOT,2022,43500,42800,98.4,24041
MARYLAND,GARRETT,2022,2200,2120,96.4,24023
MARYLAND,DORCHESTER,2021,42200,41500,98.3,24019
MARYLAND,SOMERSET,2021,18300,18100,98.9,24039
MARYLAND,WICOMICO,2021,21400,21200,99.1,24045
MARYLAND,WORCESTER,2021,32600,32400,99.4,24047
MARYLAND,CARROLL,2021,27800,27500,98.9,24013
MARYLAND,FREDERICK,2021,40900,40500,99,24021
MARYLAND,HARFORD,2021,13200,13100,99.2,24025
MARYLAND,MONTGOMERY,2021,13800,13700,99.3,24031
MARYLAND,WASHINGTON,2021,15400,15300,99.4,24043
MARYLAND,ANNE ARUNDEL,2021,4800,4750,99,24003
MARYLAND,CALVERT,2021,2600,2580,99.2,24009
MARYLAND,ST MARYS,2021,15100,15000,99.3,NA
MARYLAND,CAROLINE,2021,46400,46000,99.1,24011
MARYLAND,CECIL,2021,20000,19800,99,24015
MARYLAND,KENT,2021,45900,45400,98.9,24029
MARYLAND,QUEEN ANNES,2021,56000,55500,99.1,NA
MARYLAND,TALBOT,2021,40300,39900,99,24041
MARYLAND,GARRETT,2021,2800,2660,95,24023
MARYLAND,DORCHESTER,2020,44800,43200,96.4,24019
MARYLAND,SOMERSET,2020,18000,17300,96.1,24039
MARYLAND,WICOMICO,2020,20700,19900,96.1,24045
MARYLAND,WORCESTER,2020,35400,33900,95.8,24047
MARYLAND,BALTIMORE,2020,14100,13500,95.7,24005
MARYLAND,BALTIMORE,2020,14100,13500,95.7,24510
MARYLAND,CARROLL,2020,28000,26900,96.1,24013
MARYLAND,FREDERICK,2020,37300,35400,94.9,24021
MARYLAND,HARFORD,2020,14700,13800,93.9,24025
MARYLAND,MONTGOMERY,2020,13100,12600,96.2,24031
MARYLAND,WASHINGTON,2020,15100,14500,96,24043
MARYLAND,ANNE ARUNDEL,2020,4700,4480,95.3,24003
MARYLAND,CALVERT,2020,2700,2590,95.9,24009
MARYLAND,CHARLES,2020,10000,9590,95.9,24017
MARYLAND,PRINCE GEORGES,2020,2600,2480,95.4,NA
MARYLAND,ST MARYS,2020,14700,14200,96.6,NA
MARYLAND,CAROLINE,2020,47100,45100,95.8,24011
MARYLAND,CECIL,2020,21200,20400,96.2,24015
MARYLAND,KENT,2020,42800,41100,96,24029
MARYLAND,QUEEN ANNES,2020,50100,48100,96,NA
MARYLAND,TALBOT,2020,41000,39300,95.9,24041
MARYLAND,DORCHESTER,2019,41200,41100,99.8,24019
MARYLAND,SOMERSET,2019,23000,22000,95.7,24039
MARYLAND,WICOMICO,2019,22500,22300,99.1,24045
MARYLAND,WORCESTER,2019,34300,34100,99.4,24047
MARYLAND,CARROLL,2019,26500,26400,99.6,24013
MARYLAND,FREDERICK,2019,39000,38500,98.7,24021
MARYLAND,HARFORD,2019,13000,13000,100,24025
MARYLAND,OTHER (COMBINED) COUNTIES,2019,65700,64300,97.9,NA
MARYLAND,WASHINGTON,2019,15300,14800,96.7,24043
MARYLAND,ANNE ARUNDEL,2019,4600,4500,97.8,24003
MARYLAND,PRINCE GEORGES,2019,2900,2600,89.7,NA
MARYLAND,CAROLINE,2019,45700,45600,99.8,24011
MARYLAND,CECIL,2019,19700,19500,99,24015
MARYLAND,KENT,2019,43200,43100,99.8,24029
MARYLAND,QUEEN ANNES,2019,47000,46900,99.8,NA
MARYLAND,TALBOT,2019,36400,36300,99.7,24041
MARYLAND,DORCHESTER,2018,49600,48500,97.8,24019
MARYLAND,SOMERSET,2018,18200,17800,97.8,24039
MARYLAND,WICOMICO,2018,25100,24100,96,24045
MARYLAND,WORCESTER,2018,37100,36100,97.3,24047
MARYLAND,CARROLL,2018,29100,28600,98.3,24013
MARYLAND,FREDERICK,2018,41900,40900,97.6,24021
MARYLAND,HARFORD,2018,15000,14600,97.3,24025
MARYLAND,OTHER (COMBINED) COUNTIES,2018,116400,112100,96.3,NA
MARYLAND,WASHINGTON,2018,14900,14500,97.3,24043
MARYLAND,ANNE ARUNDEL,2018,4700,4600,97.9,24003
MARYLAND,PRINCE GEORGES,2018,2100,1700,81,NA
MARYLAND,ST MARYS,2018,15500,15300,98.7,NA
MARYLAND,CAROLINE,2018,53000,51700,97.5,24011
MARYLAND,KENT,2018,47400,46300,97.7,24029
MARYLAND,QUEEN ANNES,2018,60000,58200,97,NA
MARYLAND,DORCHESTER,2017,46500,46300,99.6,24019
MARYLAND,SOMERSET,2017,18000,17900,99.4,24039
MARYLAND,WICOMICO,2017,22000,21500,97.7,24045
MARYLAND,WORCESTER,2017,36500,36200,99.2,24047
MARYLAND,BALTIMORE,2017,14200,14000,98.6,24005
MARYLAND,BALTIMORE,2017,14200,14000,98.6,24510
MARYLAND,CARROLL,2017,28000,27800,99.3,24013
MARYLAND,FREDERICK,2017,41800,41500,99.3,24021
MARYLAND,HARFORD,2017,13800,13600,98.6,24025
MARYLAND,OTHER (COMBINED) COUNTIES,2017,54300,53500,98.5,NA
MARYLAND,PRINCE GEORGES,2017,2700,2600,96.3,NA
MARYLAND,ST MARYS,2017,15200,15100,99.3,NA
MARYLAND,CAROLINE,2017,49000,48700,99.4,24011
MARYLAND,CECIL,2017,20000,19800,99,24015
MARYLAND,KENT,2017,45500,45200,99.3,24029
MARYLAND,QUEEN ANNES,2017,52500,51600,98.3,NA
MARYLAND,TALBOT,2017,40000,39700,99.2,24041
MARYLAND,DORCHESTER,2016,48300,48200,99.8,24019
MARYLAND,SOMERSET,2016,20300,20100,99,24039
MARYLAND,WICOMICO,2016,23000,22800,99.1,24045
MARYLAND,WORCESTER,2016,36900,36700,99.5,24047
MARYLAND,BALTIMORE,2016,13800,13700,99.3,24005
MARYLAND,BALTIMORE,2016,13800,13700,99.3,24510
MARYLAND,CARROLL,2016,29000,28900,99.7,24013
MARYLAND,FREDERICK,2016,39400,39200,99.5,24021
MARYLAND,HARFORD,2016,13300,13200,99.2,24025
MARYLAND,HOWARD,2016,4000,3900,97.5,24027
MARYLAND,OTHER (COMBINED) COUNTIES,2016,134000,132100,98.6,NA
MARYLAND,CALVERT,2016,2900,2500,86.2,24009
MARYLAND,CHARLES,2016,9800,9600,98,24017
MARYLAND,PRINCE GEORGES,2016,3100,2900,93.5,NA
MARYLAND,CAROLINE,2016,51000,50700,99.4,24011
MARYLAND,KENT,2016,44700,44300,99.1,24029
MARYLAND,TALBOT,2016,46500,46200,99.4,24041
MARYLAND,DORCHESTER,2015,48000,47600,99.2,24019
MARYLAND,SOMERSET,2015,19800,19600,99,24039
MARYLAND,WICOMICO,2015,24500,24300,99.2,24045
MARYLAND,WORCESTER,2015,36200,35800,98.9,24047
MARYLAND,BALTIMORE,2015,12300,12200,99.2,24005
MARYLAND,BALTIMORE,2015,12300,12200,99.2,24510
MARYLAND,CARROLL,2015,28200,28100,99.6,24013
MARYLAND,FREDERICK,2015,37500,37400,99.7,24021
MARYLAND,HARFORD,2015,13200,13100,99.2,24025
MARYLAND,MONTGOMERY,2015,16500,16400,99.4,24031
MARYLAND,OTHER (COMBINED) COUNTIES,2015,86100,85100,98.8,NA
MARYLAND,ANNE ARUNDEL,2015,4900,4700,95.9,24003
MARYLAND,CALVERT,2015,3500,3400,97.1,24009
MARYLAND,CHARLES,2015,9400,9100,96.8,24017
MARYLAND,PRINCE GEORGES,2015,3400,3200,94.1,NA
MARYLAND,ST MARYS,2015,16500,16300,98.8,NA
MARYLAND,CAROLINE,2015,53500,53000,99.1,24011
MARYLAND,KENT,2015,45500,45200,99.3,24029
MARYLAND,QUEEN ANNES,2015,61000,60500,99.2,NA
MARYLAND,DORCHESTER,2014,48000,47400,98.8,24019
MARYLAND,SOMERSET,2014,18500,18400,99.5,24039
MARYLAND,WICOMICO,2014,22500,22400,99.6,24045
MARYLAND,WORCESTER,2014,36000,35800,99.4,24047
MARYLAND,BALTIMORE,2014,14500,14400,99.3,24005
MARYLAND,BALTIMORE,2014,14500,14400,99.3,24510
MARYLAND,CARROLL,2014,27500,27300,99.3,24013
MARYLAND,FREDERICK,2014,37500,37300,99.5,24021
MARYLAND,HARFORD,2014,14000,13900,99.3,24025
MARYLAND,OTHER (COMBINED) COUNTIES,2014,23000,22700,98.7,NA
MARYLAND,WASHINGTON,2014,13500,13400,99.3,24043
MARYLAND,ANNE ARUNDEL,2014,5400,5300,98.1,24003
MARYLAND,CALVERT,2014,3700,3300,89.2,24009
MARYLAND,CHARLES,2014,9000,8900,98.9,24017
MARYLAND,PRINCE GEORGES,2014,3400,3100,91.2,NA
MARYLAND,ST MARYS,2014,15500,15400,99.4,NA
MARYLAND,CAROLINE,2014,52000,51500,99,24011
MARYLAND,CECIL,2014,21000,20800,99,24015
MARYLAND,KENT,2014,43000,42600,99.1,24029
MARYLAND,QUEEN ANNES,2014,59500,58900,99,NA
MARYLAND,TALBOT,2014,42500,42200,99.3,24041
MARYLAND,DORCHESTER,2013,42000,41700,99.3,24019
MARYLAND,SOMERSET,2013,18000,17800,98.9,24039
MARYLAND,WICOMICO,2013,23000,22700,98.7,24045
MARYLAND,WORCESTER,2013,35000,34600,98.9,24047
MARYLAND,BALTIMORE,2013,11600,11500,99.1,24005
MARYLAND,BALTIMORE,2013,11600,11500,99.1,24510
MARYLAND,CARROLL,2013,26900,26700,99.3,24013
MARYLAND,FREDERICK,2013,36600,36300,99.2,24021
MARYLAND,HARFORD,2013,13000,12900,99.2,24025
MARYLAND,HOWARD,2013,4500,4400,97.8,24027
MARYLAND,MONTGOMERY,2013,16500,16300,98.8,24031
MARYLAND,WASHINGTON,2013,12900,12800,99.2,24043
MARYLAND,CALVERT,2013,3300,3200,97,24009
MARYLAND,CHARLES,2013,6400,6330,98.9,24017
MARYLAND,OTHER (COMBINED) COUNTIES,2013,21700,21290,98.1,NA
MARYLAND,PRINCE GEORGES,2013,3600,3480,96.7,NA
MARYLAND,CAROLINE,2013,51000,50300,98.6,24011
MARYLAND,CECIL,2013,19500,19300,99,24015
MARYLAND,KENT,2013,43500,43100,99.1,24029
MARYLAND,QUEEN ANNES,2013,55000,54600,99.3,NA
MARYLAND,TALBOT,2013,41000,40700,99.3,24041
NORTH CAROLINA,BEAUFORT,2024,68100,68000,99.9,37013
NORTH CAROLINA,CRAVEN,2024,21400,21100,98.6,37049
NORTH CAROLINA,GREENE,2024,31700,31600,99.7,37079
NORTH CAROLINA,HYDE,2024,34900,34900,100,37095
NORTH CAROLINA,JOHNSTON,2024,44900,44400,98.9,37101
NORTH CAROLINA,LENOIR,2024,37600,37500,99.7,37107
NORTH CAROLINA,PAMLICO,2024,15600,15600,100,37137
NORTH CAROLINA,PITT,2024,58300,58000,99.5,37147
NORTH CAROLINA,WAYNE,2024,53000,52800,99.6,37191
NORTH CAROLINA,WILSON,2024,36500,36200,99.2,37195
NORTH CAROLINA,CATAWBA,2024,7000,6780,96.9,37035
NORTH CAROLINA,CHATHAM,2024,3800,3700,97.4,37037
NORTH CAROLINA,DAVIDSON,2024,12000,11600,96.7,37057
NORTH CAROLINA,DAVIE,2024,9200,9140,99.3,37059
NORTH CAROLINA,IREDELL,2024,15500,15300,98.7,37097
NORTH CAROLINA,LEE,2024,4200,4200,100,37105
NORTH CAROLINA,RANDOLPH,2024,9100,9000,98.9,37151
NORTH CAROLINA,ROWAN,2024,21000,21000,100,37159
NORTH CAROLINA,WAKE,2024,9200,8820,95.9,37183
NORTH CAROLINA,BERTIE,2024,26600,26500,99.6,37015
NORTH CAROLINA,CAMDEN,2024,29000,29000,100,37029
NORTH CAROLINA,CHOWAN,2024,16500,16500,100,37041
NORTH CAROLINA,CURRITUCK,2024,16500,16500,100,37053
NORTH CAROLINA,EDGECOMBE,2024,42600,42600,100,37065
NORTH CAROLINA,HALIFAX,2024,32800,32400,98.8,37083
NORTH CAROLINA,HERTFORD,2024,12700,12700,100,37091
NORTH CAROLINA,MARTIN,2024,22400,22000,98.2,37117
NORTH CAROLINA,NASH,2024,26100,26000,99.6,37127
NORTH CAROLINA,NORTHAMPTON,2024,34200,34000,99.4,37131
NORTH CAROLINA,PASQUOTANK,2024,42600,42500,99.8,37139
NORTH CAROLINA,PERQUIMANS,2024,39900,39900,100,37143
NORTH CAROLINA,TYRRELL,2024,32000,31900,99.7,37177
NORTH CAROLINA,WASHINGTON,2024,43800,43800,100,37187
NORTH CAROLINA,SURRY,2024,11200,10800,96.4,37171
NORTH CAROLINA,YADKIN,2024,21900,21000,95.9,37197
NORTH CAROLINA,ALAMANCE,2024,5100,4740,92.9,37001
NORTH CAROLINA,FRANKLIN,2024,19200,18600,96.9,37069
NORTH CAROLINA,GRANVILLE,2024,7800,6820,87.4,37077
NORTH CAROLINA,GUILFORD,2024,9700,9240,95.3,37081
NORTH CAROLINA,ORANGE,2024,2700,2540,94.1,37135
NORTH CAROLINA,PERSON,2024,13500,13000,96.3,37145
NORTH CAROLINA,STOKES,2024,2500,2080,83.2,37169
NORTH CAROLINA,VANCE,2024,6500,6500,100,37181
NORTH CAROLINA,WARREN,2024,10700,10400,97.2,37185
NORTH CAROLINA,BLADEN,2024,17900,17200,96.1,37017
NORTH CAROLINA,BRUNSWICK,2024,7900,7760,98.2,37019
NORTH CAROLINA,COLUMBUS,2024,55900,54900,98.2,37047
NORTH CAROLINA,DUPLIN,2024,54000,53800,99.6,37061
NORTH CAROLINA,HARNETT,2024,25500,25100,98.4,37085
NORTH CAROLINA,ONSLOW,2024,13500,13500,100,37133
NORTH CAROLINA,PENDER,2024,15100,14900,98.7,37141
NORTH CAROLINA,ROBESON,2024,82300,81500,99,37155
NORTH CAROLINA,SAMPSON,2024,63200,62900,99.5,37163
NORTH CAROLINA,CLEVELAND,2024,12500,12400,99.2,37045
NORTH CAROLINA,GASTON,2024,2900,2830,97.6,37071
NORTH CAROLINA,LINCOLN,2024,6600,6200,93.9,37109
NORTH CAROLINA,MOORE,2024,2500,2210,88.4,37125
NORTH CAROLINA,UNION,2024,59700,59300,99.3,37179
NORTH CAROLINA,BEAUFORT,2023,66500,66300,99.7,37013
NORTH CAROLINA,CRAVEN,2023,23400,23200,99.1,37049
NORTH CAROLINA,GREENE,2023,36300,36200,99.7,37079
NORTH CAROLINA,HYDE,2023,34100,34000,99.7,37095
NORTH CAROLINA,JOHNSTON,2023,49000,48700,99.4,37101
NORTH CAROLINA,JONES,2023,24000,23800,99.2,37103
NORTH CAROLINA,LENOIR,2023,40000,39900,99.8,37107
NORTH CAROLINA,PAMLICO,2023,16400,16300,99.4,37137
NORTH CAROLINA,PITT,2023,59900,59800,99.8,37147
NORTH CAROLINA,WAYNE,2023,57900,57700,99.7,37191
NORTH CAROLINA,WILSON,2023,38100,38000,99.7,37195
NORTH CAROLINA,ALEXANDER,2023,2700,2670,98.9,37003
NORTH CAROLINA,CATAWBA,2023,7300,7180,98.4,37035
NORTH CAROLINA,CHATHAM,2023,2400,2190,91.2,37037
NORTH CAROLINA,DAVIDSON,2023,11300,11100,98.2,37057
NORTH CAROLINA,DAVIE,2023,9300,9240,99.4,37059
NORTH CAROLINA,IREDELL,2023,16500,16400,99.4,37097
NORTH CAROLINA,LEE,2023,4100,4060,99,37105
NORTH CAROLINA,RANDOLPH,2023,9900,9540,96.4,37151
NORTH CAROLINA,ROWAN,2023,21300,21200,99.5,37159
NORTH CAROLINA,WAKE,2023,10500,10200,97.1,37183
NORTH CAROLINA,BERTIE,2023,29000,28900,99.7,37015
NORTH CAROLINA,CAMDEN,2023,25200,25100,99.6,37029
NORTH CAROLINA,CHOWAN,2023,15100,15100,100,37041
NORTH CAROLINA,CURRITUCK,2023,16800,16800,100,37053
NORTH CAROLINA,EDGECOMBE,2023,42900,42800,99.8,37065
NORTH CAROLINA,GATES,2023,20900,20900,100,37073
NORTH CAROLINA,HALIFAX,2023,38700,38500,99.5,37083
NORTH CAROLINA,HERTFORD,2023,12700,12600,99.2,37091
NORTH CAROLINA,MARTIN,2023,24300,23700,97.5,37117
NORTH CAROLINA,NASH,2023,26700,26400,98.9,37127
NORTH CAROLINA,NORTHAMPTON,2023,32600,32500,99.7,37131
NORTH CAROLINA,PASQUOTANK,2023,42000,42000,100,37139
NORTH CAROLINA,PERQUIMANS,2023,42200,42200,100,37143
NORTH CAROLINA,TYRRELL,2023,29900,29700,99.3,37177
NORTH CAROLINA,WASHINGTON,2023,41400,41300,99.8,37187
NORTH CAROLINA,CALDWELL,2023,1300,1270,97.7,37027
NORTH CAROLINA,SURRY,2023,11100,10800,97.3,37171
NORTH CAROLINA,YADKIN,2023,19700,19400,98.5,37197
NORTH CAROLINA,ALAMANCE,2023,5600,5210,93,37001
NORTH CAROLINA,CASWELL,2023,5600,5340,95.4,37033
NORTH CAROLINA,DURHAM,2023,700,690,98.6,37063
NORTH CAROLINA,FORSYTH,2023,4900,4800,98,37067
NORTH CAROLINA,FRANKLIN,2023,20200,19800,98,37069
NORTH CAROLINA,GRANVILLE,2023,8000,7190,89.9,37077
NORTH CAROLINA,GUILFORD,2023,10100,9400,93.1,37081
NORTH CAROLINA,ORANGE,2023,3500,3360,96,37135
NORTH CAROLINA,PERSON,2023,13800,13000,94.2,37145
NORTH CAROLINA,ROCKINGHAM,2023,8100,7700,95.1,37157
NORTH CAROLINA,STOKES,2023,2200,1700,77.3,37169
NORTH CAROLINA,VANCE,2023,7300,7290,99.9,37181
NORTH CAROLINA,WARREN,2023,11100,10900,98.2,37185
NORTH CAROLINA,BRUNSWICK,2023,6700,6530,97.5,37019
NORTH CAROLINA,COLUMBUS,2023,53200,52200,98.1,37047
NORTH CAROLINA,CUMBERLAND,2023,18000,17900,99.4,37051
NORTH CAROLINA,DUPLIN,2023,51600,51100,99,37061
NORTH CAROLINA,HARNETT,2023,23500,23300,99.1,37085
NORTH CAROLINA,ONSLOW,2023,13100,13000,99.2,37133
NORTH CAROLINA,PENDER,2023,15600,15400,98.7,37141
NORTH CAROLINA,ROBESON,2023,80100,79300,99,37155
NORTH CAROLINA,SAMPSON,2023,65500,65400,99.8,37163
NORTH CAROLINA,ANSON,2023,14900,14800,99.3,37007
NORTH CAROLINA,CLEVELAND,2023,11800,11500,97.5,37045
NORTH CAROLINA,GASTON,2023,3000,3000,100,37071
NORTH CAROLINA,LINCOLN,2023,7000,6980,99.7,37109
NORTH CAROLINA,MOORE,2023,4100,4050,98.8,37125
NORTH CAROLINA,STANLY,2023,18600,18100,97.3,37167
NORTH CAROLINA,UNION,2023,58200,58100,99.8,37179
NORTH CAROLINA,BURKE,2023,800,770,96.2,37023
NORTH CAROLINA,HENDERSON,2023,400,400,100,37089
NORTH CAROLINA,BEAUFORT,2022,68400,68000,99.4,37013
NORTH CAROLINA,CRAVEN,2022,20700,20600,99.5,37049
NORTH CAROLINA,GREENE,2022,32500,32400,99.7,37079
NORTH CAROLINA,HYDE,2022,34700,34500,99.4,37095
NORTH CAROLINA,JOHNSTON,2022,47000,46200,98.3,37101
NORTH CAROLINA,JONES,2022,23200,23000,99.1,37103
NORTH CAROLINA,LENOIR,2022,38900,38700,99.5,37107
NORTH CAROLINA,PAMLICO,2022,17800,17600,98.9,37137
NORTH CAROLINA,PITT,2022,56700,56400,99.5,37147
NORTH CAROLINA,WAYNE,2022,55100,54700,99.3,37191
NORTH CAROLINA,WILSON,2022,36800,36400,98.9,37195
NORTH CAROLINA,CATAWBA,2022,7900,7750,98.1,37035
NORTH CAROLINA,CHATHAM,2022,3400,2800,82.4,37037
NORTH CAROLINA,DAVIDSON,2022,11500,11400,99.1,37057
NORTH CAROLINA,DAVIE,2022,9400,9300,98.9,37059
NORTH CAROLINA,IREDELL,2022,17200,17000,98.8,37097
NORTH CAROLINA,LEE,2022,4100,3950,96.3,37105
NORTH CAROLINA,RANDOLPH,2022,11400,11200,98.2,37151
NORTH CAROLINA,ROWAN,2022,21300,21100,99.1,37159
NORTH CAROLINA,WAKE,2022,11300,11200,99.1,37183
NORTH CAROLINA,BERTIE,2022,30500,30000,98.4,37015
NORTH CAROLINA,CAMDEN,2022,28800,28600,99.3,37029
NORTH CAROLINA,CHOWAN,2022,18000,17900,99.4,37041
NORTH CAROLINA,CURRITUCK,2022,17600,17500,99.4,37053
NORTH CAROLINA,EDGECOMBE,2022,43500,43200,99.3,37065
NORTH CAROLINA,GATES,2022,20100,20000,99.5,37073
NORTH CAROLINA,HALIFAX,2022,34700,34400,99.1,37083
NORTH CAROLINA,HERTFORD,2022,13400,13300,99.3,37091
NORTH CAROLINA,MARTIN,2022,24100,23900,99.2,37117
NORTH CAROLINA,NASH,2022,29100,28800,99,37127
NORTH CAROLINA,NORTHAMPTON,2022,35800,35500,99.2,37131
NORTH CAROLINA,PASQUOTANK,2022,48400,48200,99.6,37139
NORTH CAROLINA,PERQUIMANS,2022,45500,45300,99.6,37143
NORTH CAROLINA,TYRRELL,2022,32100,31900,99.4,37177
NORTH CAROLINA,WASHINGTON,2022,46200,45800,99.1,37187
NORTH CAROLINA,SURRY,2022,13300,13100,98.5,37171
NORTH CAROLINA,YADKIN,2022,22600,22400,99.1,37197
NORTH CAROLINA,ALAMANCE,2022,5400,4950,91.7,37001
NORTH CAROLINA,CASWELL,2022,4900,4500,91.8,37033
NORTH CAROLINA,DURHAM,2022,1100,1000,90.9,37063
NORTH CAROLINA,FORSYTH,2022,5300,5150,97.2,37067
NORTH CAROLINA,FRANKLIN,2022,19300,19200,99.5,37069
NORTH CAROLINA,GRANVILLE,2022,8600,7800,90.7,37077
NORTH CAROLINA,GUILFORD,2022,10300,9850,95.6,37081
NORTH CAROLINA,ORANGE,2022,3200,3150,98.4,37135
NORTH CAROLINA,PERSON,2022,14400,13800,95.8,37145
NORTH CAROLINA,ROCKINGHAM,2022,8100,7600,93.8,37157
NORTH CAROLINA,STOKES,2022,2800,2300,82.1,37169
NORTH CAROLINA,VANCE,2022,7500,7450,99.3,37181
NORTH CAROLINA,WARREN,2022,11100,11000,99.1,37185
NORTH CAROLINA,BLADEN,2022,19300,19000,98.4,37017
NORTH CAROLINA,BRUNSWICK,2022,7700,7400,96.1,37019
NORTH CAROLINA,COLUMBUS,2022,61000,60500,99.2,37047
NORTH CAROLINA,CUMBERLAND,2022,18500,18300,98.9,37051
NORTH CAROLINA,DUPLIN,2022,59300,59000,99.5,37061
NORTH CAROLINA,HARNETT,2022,23600,23300,98.7,37085
NORTH CAROLINA,ONSLOW,2022,13400,13100,97.8,37133
NORTH CAROLINA,PENDER,2022,17200,16800,97.7,37141
NORTH CAROLINA,ROBESON,2022,84500,84000,99.4,37155
NORTH CAROLINA,SAMPSON,2022,62300,61900,99.4,37163
NORTH CAROLINA,SCOTLAND,2022,11600,10900,94,37165
NORTH CAROLINA,ANSON,2022,15400,14900,96.8,37007
NORTH CAROLINA,CABARRUS,2022,5700,5650,99.1,37025
NORTH CAROLINA,CLEVELAND,2022,13100,12600,96.2,37045
NORTH CAROLINA,GASTON,2022,3000,2950,98.3,37071
NORTH CAROLINA,LINCOLN,2022,7800,7600,97.4,37109
NORTH CAROLINA,MOORE,2022,3600,3500,97.2,37125
NORTH CAROLINA,RICHMOND,2022,2500,2450,98,37153
NORTH CAROLINA,STANLY,2022,17400,17200,98.9,37167
NORTH CAROLINA,UNION,2022,62000,61800,99.7,37179
NORTH CAROLINA,BURKE,2022,1400,1350,96.4,37023
NORTH CAROLINA,HENDERSON,2022,300,300,100,37089
NORTH CAROLINA,RUTHERFORD,2022,1500,1400,93.3,37161
NORTH CAROLINA,BEAUFORT,2021,70300,69800,99.3,37013
NORTH CAROLINA,CRAVEN,2021,22000,21800,99.1,37049
NORTH CAROLINA,GREENE,2021,30500,30300,99.3,37079
NORTH CAROLINA,HYDE,2021,35300,35000,99.2,37095
NORTH CAROLINA,JOHNSTON,2021,46100,45500,98.7,37101
NORTH CAROLINA,JONES,2021,25800,25600,99.2,37103
NORTH CAROLINA,LENOIR,2021,34400,34100,99.1,37107
NORTH CAROLINA,PAMLICO,2021,19900,19700,99,37137
NORTH CAROLINA,PITT,2021,60300,59300,98.3,37147
NORTH CAROLINA,WAYNE,2021,54300,53900,99.3,37191
NORTH CAROLINA,WILSON,2021,34000,33900,99.7,37195
NORTH CAROLINA,CATAWBA,2021,8500,8300,97.6,37035
NORTH CAROLINA,CHATHAM,2021,2700,2700,100,37037
NORTH CAROLINA,DAVIDSON,2021,10600,10400,98.1,37057
NORTH CAROLINA,DAVIE,2021,8500,8500,100,37059
NORTH CAROLINA,IREDELL,2021,18100,18000,99.4,37097
NORTH CAROLINA,LEE,2021,4000,3950,98.8,37105
NORTH CAROLINA,RANDOLPH,2021,10700,10600,99.1,37151
NORTH CAROLINA,ROWAN,2021,21000,20900,99.5,37159
NORTH CAROLINA,WAKE,2021,11900,11800,99.2,37183
NORTH CAROLINA,BERTIE,2021,30000,29700,99,37015
NORTH CAROLINA,CAMDEN,2021,28200,28100,99.6,37029
NORTH CAROLINA,CHOWAN,2021,16100,16000,99.4,37041
NORTH CAROLINA,CURRITUCK,2021,19100,19000,99.5,37053
NORTH CAROLINA,EDGECOMBE,2021,42900,42600,99.3,37065
NORTH CAROLINA,GATES,2021,20000,19900,99.5,37073
NORTH CAROLINA,HALIFAX,2021,36300,36000,99.2,37083
NORTH CAROLINA,HERTFORD,2021,12800,12700,99.2,37091
NORTH CAROLINA,MARTIN,2021,22800,22600,99.1,37117
NORTH CAROLINA,NASH,2021,26800,26600,99.3,37127
NORTH CAROLINA,NORTHAMPTON,2021,33900,33600,99.1,37131
NORTH CAROLINA,PASQUOTANK,2021,48800,48300,99,37139
NORTH CAROLINA,PERQUIMANS,2021,44100,43800,99.3,37143
NORTH CAROLINA,TYRRELL,2021,34600,34200,98.8,37177
NORTH CAROLINA,WASHINGTON,2021,44200,43800,99.1,37187
NORTH CAROLINA,SURRY,2021,10600,10200,96.2,37171
NORTH CAROLINA,WILKES,2021,1500,1500,100,37193
NORTH CAROLINA,YADKIN,2021,19300,19100,99,37197
NORTH CAROLINA,ALAMANCE,2021,6100,5700,93.4,37001
NORTH CAROLINA,CASWELL,2021,5000,4700,94,37033
NORTH CAROLINA,DURHAM,2021,800,800,100,37063
NORTH CAROLINA,FORSYTH,2021,5000,4950,99,37067
NORTH CAROLINA,FRANKLIN,2021,18200,18100,99.5,37069
NORTH CAROLINA,GRANVILLE,2021,6900,6450,93.5,37077
NORTH CAROLINA,GUILFORD,2021,10900,10600,97.2,37081
NORTH CAROLINA,ORANGE,2021,3200,3150,98.4,37135
NORTH CAROLINA,PERSON,2021,13500,13000,96.3,37145
NORTH CAROLINA,ROCKINGHAM,2021,8800,8200,93.2,37157
NORTH CAROLINA,STOKES,2021,2500,2000,80,37169
NORTH CAROLINA,VANCE,2021,7000,6950,99.3,37181
NORTH CAROLINA,WARREN,2021,10400,10200,98.1,37185
NORTH CAROLINA,BLADEN,2021,16700,16300,97.6,37017
NORTH CAROLINA,BRUNSWICK,2021,7500,7250,96.7,37019
NORTH CAROLINA,COLUMBUS,2021,52900,51600,97.5,37047
NORTH CAROLINA,CUMBERLAND,2021,15800,15500,98.1,37051
NORTH CAROLINA,DUPLIN,2021,52600,51900,98.7,37061
NORTH CAROLINA,HARNETT,2021,25300,24800,98,37085
NORTH CAROLINA,ONSLOW,2021,14100,13900,98.6,37133
NORTH CAROLINA,PENDER,2021,15600,15500,99.4,37141
NORTH CAROLINA,ROBESON,2021,82400,82300,99.9,37155
NORTH CAROLINA,SAMPSON,2021,58900,58200,98.8,37163
NORTH CAROLINA,SCOTLAND,2021,8900,8850,99.4,37165
NORTH CAROLINA,ANSON,2021,15100,14700,97.4,37007
NORTH CAROLINA,CABARRUS,2021,5600,5500,98.2,37025
NORTH CAROLINA,CLEVELAND,2021,12900,12700,98.4,37045
NORTH CAROLINA,GASTON,2021,3200,3050,95.3,37071
NORTH CAROLINA,LINCOLN,2021,7300,7200,98.6,37109
NORTH CAROLINA,MONTGOMERY,2021,800,760,95,37123
NORTH CAROLINA,MOORE,2021,3600,3300,91.7,37125
NORTH CAROLINA,STANLY,2021,20200,19900,98.5,37167
NORTH CAROLINA,UNION,2021,58900,58600,99.5,37179
NORTH CAROLINA,BURKE,2021,1000,950,95,37023
NORTH CAROLINA,RUTHERFORD,2021,1300,1200,92.3,37161
NORTH CAROLINA,BEAUFORT,2020,61400,60300,98.2,37013
NORTH CAROLINA,CRAVEN,2020,24700,24300,98.4,37049
NORTH CAROLINA,GREENE,2020,31700,30700,96.8,37079
NORTH CAROLINA,HYDE,2020,33600,32900,97.9,37095
NORTH CAROLINA,JOHNSTON,2020,49700,48900,98.4,37101
NORTH CAROLINA,JONES,2020,24700,24300,98.4,37103
NORTH CAROLINA,LENOIR,2020,36400,35700,98.1,37107
NORTH CAROLINA,PAMLICO,2020,16200,16000,98.8,37137
NORTH CAROLINA,PITT,2020,58600,58200,99.3,37147
NORTH CAROLINA,WAYNE,2020,53500,52800,98.7,37191
NORTH CAROLINA,WILSON,2020,36000,35400,98.3,37195
NORTH CAROLINA,ALEXANDER,2020,2700,2660,98.5,37003
NORTH CAROLINA,CATAWBA,2020,8000,7860,98.2,37035
NORTH CAROLINA,CHATHAM,2020,2000,1940,97,37037
NORTH CAROLINA,DAVIDSON,2020,11100,10700,96.4,37057
NORTH CAROLINA,DAVIE,2020,9700,9400,96.9,37059
NORTH CAROLINA,IREDELL,2020,16800,16500,98.2,37097
NORTH CAROLINA,LEE,2020,2600,2550,98.1,37105
NORTH CAROLINA,RANDOLPH,2020,9800,9510,97,37151
NORTH CAROLINA,ROWAN,2020,20700,20400,98.6,37159
NORTH CAROLINA,WAKE,2020,11700,11500,98.3,37183
NORTH CAROLINA,BERTIE,2020,30200,29700,98.3,37015
NORTH CAROLINA,CAMDEN,2020,28400,27900,98.2,37029
NORTH CAROLINA,CHOWAN,2020,20300,20000,98.5,37041
NORTH CAROLINA,CURRITUCK,2020,17000,16500,97.1,37053
NORTH CAROLINA,EDGECOMBE,2020,41700,41000,98.3,37065
NORTH CAROLINA,GATES,2020,20600,20300,98.5,37073
NORTH CAROLINA,HALIFAX,2020,33900,33400,98.5,37083
NORTH CAROLINA,HERTFORD,2020,12900,12700,98.4,37091
NORTH CAROLINA,MARTIN,2020,19700,19400,98.5,37117
NORTH CAROLINA,NASH,2020,29500,29000,98.3,37127
NORTH CAROLINA,NORTHAMPTON,2020,31700,31200,98.4,37131
NORTH CAROLINA,PASQUOTANK,2020,40700,40000,98.3,37139
NORTH CAROLINA,PERQUIMANS,2020,47800,47500,99.4,37143
NORTH CAROLINA,TYRRELL,2020,30600,30100,98.4,37177
NORTH CAROLINA,WASHINGTON,2020,41900,41200,98.3,37187
NORTH CAROLINA,SURRY,2020,10900,9570,87.8,37171
NORTH CAROLINA,WILKES,2020,1400,1310,93.6,37193
NORTH CAROLINA,YADKIN,2020,19800,19500,98.5,37197
NORTH CAROLINA,ALAMANCE,2020,5200,5000,96.2,37001
NORTH CAROLINA,CASWELL,2020,4100,3990,97.3,37033
NORTH CAROLINA,FORSYTH,2020,5800,5690,98.1,37067
NORTH CAROLINA,FRANKLIN,2020,17600,17200,97.7,37069
NORTH CAROLINA,GRANVILLE,2020,6300,5960,94.6,37077
NORTH CAROLINA,GUILFORD,2020,10600,10000,94.3,37081
NORTH CAROLINA,ORANGE,2020,3100,3050,98.4,37135
NORTH CAROLINA,PERSON,2020,13000,12400,95.4,37145
NORTH CAROLINA,ROCKINGHAM,2020,7100,6600,93,37157
NORTH CAROLINA,STOKES,2020,2800,2340,83.6,37169
NORTH CAROLINA,VANCE,2020,6700,6590,98.4,37181
NORTH CAROLINA,WARREN,2020,10400,10200,98.1,37185
NORTH CAROLINA,BLADEN,2020,15800,15500,98.1,37017
NORTH CAROLINA,BRUNSWICK,2020,6300,6070,96.3,37019
NORTH CAROLINA,COLUMBUS,2020,44600,43500,97.5,37047
NORTH CAROLINA,CUMBERLAND,2020,15200,14800,97.4,37051
NORTH CAROLINA,DUPLIN,2020,53100,52100,98.1,37061
NORTH CAROLINA,HARNETT,2020,24200,23700,97.9,37085
NORTH CAROLINA,HOKE,2020,8500,8330,98,37093
NORTH CAROLINA,ONSLOW,2020,12200,12000,98.4,37133
NORTH CAROLINA,PENDER,2020,13900,13700,98.6,37141
NORTH CAROLINA,ROBESON,2020,72000,71500,99.3,37155
NORTH CAROLINA,SAMPSON,2020,56200,55300,98.4,37163
NORTH CAROLINA,SCOTLAND,2020,9700,9530,98.2,37165
NORTH CAROLINA,ANSON,2020,16100,16000,99.4,37007
NORTH CAROLINA,CABARRUS,2020,5400,5170,95.7,37025
NORTH CAROLINA,CLEVELAND,2020,12400,12200,98.4,37045
NORTH CAROLINA,GASTON,2020,2500,2450,98,37071
NORTH CAROLINA,LINCOLN,2020,7500,7350,98,37109
NORTH CAROLINA,MECKLENBURG,2020,1000,980,98,37119
NORTH CAROLINA,MOORE,2020,2900,2850,98.3,37125
NORTH CAROLINA,RICHMOND,2020,3000,2900,96.7,37153
NORTH CAROLINA,STANLY,2020,23700,23300,98.3,37167
NORTH CAROLINA,UNION,2020,63500,63000,99.2,37179
NORTH CAROLINA,BURKE,2020,1200,1130,94.2,37023
NORTH CAROLINA,RUTHERFORD,2020,1700,1690,99.4,37161
NORTH CAROLINA,BEAUFORT,2019,61000,60800,99.7,37013
NORTH CAROLINA,CRAVEN,2019,20800,20300,97.6,37049
NORTH CAROLINA,GREENE,2019,30800,30700,99.7,37079
NORTH CAROLINA,JOHNSTON,2019,50700,50300,99.2,37101
NORTH CAROLINA,JONES,2019,15700,15600,99.4,37103
NORTH CAROLINA,LENOIR,2019,30700,30600,99.7,37107
NORTH CAROLINA,OTHER (COMBINED) COUNTIES,2019,474100,463710,97.8,NA
NORTH CAROLINA,PAMLICO,2019,16100,16000,99.4,37137
NORTH CAROLINA,WAYNE,2019,53500,53400,99.8,37191
NORTH CAROLINA,WILSON,2019,31500,31400,99.7,37195
NORTH CAROLINA,ALEXANDER,2019,3000,2700,90,37003
NORTH CAROLINA,CATAWBA,2019,10200,9800,96.1,37035
NORTH CAROLINA,CHATHAM,2019,3100,2750,88.7,37037
NORTH CAROLINA,DAVIDSON,2019,12000,11700,97.5,37057
NORTH CAROLINA,DAVIE,2019,9400,8800,93.6,37059
NORTH CAROLINA,IREDELL,2019,19300,19200,99.5,37097
NORTH CAROLINA,LEE,2019,4200,3950,94,37105
NORTH CAROLINA,RANDOLPH,2019,11200,11000,98.2,37151
NORTH CAROLINA,ROWAN,2019,19400,19200,99,37159
NORTH CAROLINA,WAKE,2019,11700,11400,97.4,37183
NORTH CAROLINA,CAMDEN,2019,27700,27600,99.6,37029
NORTH CAROLINA,CHOWAN,2019,14300,14300,100,37041
NORTH CAROLINA,CURRITUCK,2019,17900,17900,100,37053
NORTH CAROLINA,EDGECOMBE,2019,37000,36600,98.9,37065
NORTH CAROLINA,GATES,2019,16900,16900,100,37073
NORTH CAROLINA,HALIFAX,2019,28400,28100,98.9,37083
NORTH CAROLINA,HERTFORD,2019,11700,11600,99.1,37091
NORTH CAROLINA,MARTIN,2019,16000,15800,98.8,37117
NORTH CAROLINA,NASH,2019,26800,26600,99.3,37127
NORTH CAROLINA,NORTHAMPTON,2019,26400,26100,98.9,37131
NORTH CAROLINA,PASQUOTANK,2019,48000,48000,100,37139
NORTH CAROLINA,PERQUIMANS,2019,40600,40200,99,37143
NORTH CAROLINA,TYRRELL,2019,32900,32600,99.1,37177
NORTH CAROLINA,YADKIN,2019,20700,20500,99,37197
NORTH CAROLINA,ALAMANCE,2019,5200,4850,93.3,37001
NORTH CAROLINA,CASWELL,2019,4100,3500,85.4,37033
NORTH CAROLINA,DURHAM,2019,1000,650,65,37063
NORTH CAROLINA,FORSYTH,2019,5000,4600,92,37067
NORTH CAROLINA,FRANKLIN,2019,18700,18300,97.9,37069
NORTH CAROLINA,GRANVILLE,2019,6100,5550,91,37077
NORTH CAROLINA,GUILFORD,2019,10600,10000,94.3,37081
NORTH CAROLINA,PERSON,2019,12200,11000,90.2,37145
NORTH CAROLINA,VANCE,2019,6200,5900,95.2,37181
NORTH CAROLINA,WARREN,2019,8400,7700,91.7,37185
NORTH CAROLINA,BLADEN,2019,16800,15500,92.3,37017
NORTH CAROLINA,BRUNSWICK,2019,7500,7300,97.3,37019
NORTH CAROLINA,HARNETT,2019,24300,23700,97.5,37085
NORTH CAROLINA,ONSLOW,2019,12800,12500,97.7,37133
NORTH CAROLINA,SAMPSON,2019,53700,53500,99.6,37163
NORTH CAROLINA,SCOTLAND,2019,10000,8200,82,37165
NORTH CAROLINA,CABARRUS,2019,6000,5800,96.7,37025
NORTH CAROLINA,GASTON,2019,3500,3300,94.3,37071
NORTH CAROLINA,LINCOLN,2019,9000,8700,96.7,37109
NORTH CAROLINA,MOORE,2019,4200,2700,64.3,37125
NORTH CAROLINA,UNION,2019,57600,57400,99.7,37179
NORTH CAROLINA,BURKE,2019,1000,900,90,37023
NORTH CAROLINA,HENDERSON,2019,800,790,98.8,37089
NORTH CAROLINA,RUTHERFORD,2019,1600,1550,96.9,37161
NORTH CAROLINA,BEAUFORT,2018,63500,61900,97.5,37013
NORTH CAROLINA,CRAVEN,2018,22700,21500,94.7,37049
NORTH CAROLINA,GREENE,2018,34300,33500,97.7,37079
NORTH CAROLINA,HYDE,2018,34400,32600,94.8,37095
NORTH CAROLINA,JOHNSTON,2018,53400,51500,96.4,37101
NORTH CAROLINA,LENOIR,2018,35300,34300,97.2,37107
NORTH CAROLINA,OTHER (COMBINED) COUNTIES,2018,232500,208730,89.8,NA
NORTH CAROLINA,PAMLICO,2018,17300,15800,91.3,37137
NORTH CAROLINA,PITT,2018,59600,58600,98.3,37147
NORTH CAROLINA,WAYNE,2018,55000,53200,96.7,37191
NORTH CAROLINA,WILSON,2018,35200,34300,97.4,37195
NORTH CAROLINA,CATAWBA,2018,9200,8830,96,37035
NORTH CAROLINA,DAVIDSON,2018,11700,11300,96.6,37057
NORTH CAROLINA,DAVIE,2018,10400,10000,96.2,37059
NORTH CAROLINA,IREDELL,2018,19200,19000,99,37097
NORTH CAROLINA,RANDOLPH,2018,10600,10200,96.2,37151
NORTH CAROLINA,ROWAN,2018,20600,19500,94.7,37159
NORTH CAROLINA,WAKE,2018,12700,12100,95.3,37183
NORTH CAROLINA,BERTIE,2018,31400,30700,97.8,37015
NORTH CAROLINA,CAMDEN,2018,30300,30100,99.3,37029
NORTH CAROLINA,CHOWAN,2018,17100,17000,99.4,37041
NORTH CAROLINA,CURRITUCK,2018,17100,16900,98.8,37053
NORTH CAROLINA,EDGECOMBE,2018,41500,40000,96.4,37065
NORTH CAROLINA,GATES,2018,17700,17600,99.4,37073
NORTH CAROLINA,HALIFAX,2018,33900,33600,99.1,37083
NORTH CAROLINA,MARTIN,2018,22100,21600,97.7,37117
NORTH CAROLINA,NASH,2018,29600,29400,99.3,37127
NORTH CAROLINA,PASQUOTANK,2018,50000,49000,98,37139
NORTH CAROLINA,PERQUIMANS,2018,46300,45400,98.1,37143
NORTH CAROLINA,TYRRELL,2018,30400,29600,97.4,37177
NORTH CAROLINA,WASHINGTON,2018,40000,39500,98.8,37187
NORTH CAROLINA,YADKIN,2018,21200,20500,96.7,37197
NORTH CAROLINA,ALAMANCE,2018,5800,4850,83.6,37001
NORTH CAROLINA,CASWELL,2018,3200,2690,84.1,37033
NORTH CAROLINA,FRANKLIN,2018,18000,16300,90.6,37069
NORTH CAROLINA,GRANVILLE,2018,5000,4570,91.4,37077
NORTH CAROLINA,GUILFORD,2018,10500,9590,91.3,37081
NORTH CAROLINA,ORANGE,2018,3400,3140,92.4,37135
NORTH CAROLINA,PERSON,2018,12400,11300,91.1,37145
NORTH CAROLINA,ROCKINGHAM,2018,6100,4980,81.6,37157
NORTH CAROLINA,STOKES,2018,2500,2050,82,37169
NORTH CAROLINA,VANCE,2018,6000,5780,96.3,37181
NORTH CAROLINA,WARREN,2018,8800,7600,86.4,37185
NORTH CAROLINA,BLADEN,2018,16800,12900,76.8,37017
NORTH CAROLINA,BRUNSWICK,2018,7900,5880,74.4,37019
NORTH CAROLINA,CUMBERLAND,2018,17500,17200,98.3,37051
NORTH CAROLINA,DUPLIN,2018,53500,49600,92.7,37061
NORTH CAROLINA,HARNETT,2018,28400,27400,96.5,37085
NORTH CAROLINA,ONSLOW,2018,11900,11500,96.6,37133
NORTH CAROLINA,ROBESON,2018,87400,84900,97.1,37155
NORTH CAROLINA,SAMPSON,2018,59500,56900,95.6,37163
NORTH CAROLINA,ANSON,2018,14800,13800,93.2,37007
NORTH CAROLINA,CABARRUS,2018,6000,5600,93.3,37025
NORTH CAROLINA,CLEVELAND,2018,14400,14200,98.6,37045
NORTH CAROLINA,LINCOLN,2018,10200,9550,93.6,37109
NORTH CAROLINA,MOORE,2018,4400,3900,88.6,37125
NORTH CAROLINA,UNION,2018,63700,60700,95.3,37179
NORTH CAROLINA,BURKE,2018,1000,860,86,37023
NORTH CAROLINA,CHEROKEE,2018,600,600,100,37039
NORTH CAROLINA,HENDERSON,2018,1200,1160,96.7,37089
NORTH CAROLINA,RUTHERFORD,2018,1800,1720,95.6,37161
NORTH CAROLINA,TRANSYLVANIA,2018,1100,1020,92.7,37175
NORTH CAROLINA,BEAUFORT,2017,70700,70600,99.9,37013
NORTH CAROLINA,CRAVEN,2017,24000,23900,99.6,37049
NORTH CAROLINA,GREENE,2017,32200,32200,100,37079
NORTH CAROLINA,HYDE,2017,35500,35500,100,37095
NORTH CAROLINA,JOHNSTON,2017,54800,54400,99.3,37101
NORTH CAROLINA,LENOIR,2017,37700,37600,99.7,37107
NORTH CAROLINA,OTHER (COMBINED) COUNTIES,2017,167900,166360,99.1,NA
NORTH CAROLINA,PAMLICO,2017,18100,18100,100,37137
NORTH CAROLINA,PITT,2017,60100,60000,99.8,37147
NORTH CAROLINA,WAYNE,2017,61500,61500,100,37191
NORTH CAROLINA,WILSON,2017,33400,33300,99.7,37195
NORTH CAROLINA,ALEXANDER,2017,2300,2270,98.7,37003
NORTH CAROLINA,CATAWBA,2017,8800,8680,98.6,37035
NORTH CAROLINA,CHATHAM,2017,2900,2680,92.4,37037
NORTH CAROLINA,DAVIDSON,2017,11200,11100,99.1,37057
NORTH CAROLINA,DAVIE,2017,9200,9150,99.5,37059
NORTH CAROLINA,RANDOLPH,2017,9200,8910,96.8,37151
NORTH CAROLINA,ROWAN,2017,17900,17800,99.4,37159
NORTH CAROLINA,WAKE,2017,12800,12600,98.4,37183
NORTH CAROLINA,BERTIE,2017,35000,34900,99.7,37015
NORTH CAROLINA,CAMDEN,2017,28800,28800,100,37029
NORTH CAROLINA,CHOWAN,2017,14900,14800,99.3,37041
NORTH CAROLINA,CURRITUCK,2017,18100,18000,99.4,37053
NORTH CAROLINA,EDGECOMBE,2017,48600,48400,99.6,37065
NORTH CAROLINA,GATES,2017,24100,24000,99.6,37073
NORTH CAROLINA,HALIFAX,2017,35400,35300,99.7,37083
NORTH CAROLINA,MARTIN,2017,22700,22600,99.6,37117
NORTH CAROLINA,NASH,2017,30200,30100,99.7,37127
NORTH CAROLINA,NORTHAMPTON,2017,33100,32800,99.1,37131
NORTH CAROLINA,PASQUOTANK,2017,52300,52300,100,37139
NORTH CAROLINA,PERQUIMANS,2017,44600,44500,99.8,37143
NORTH CAROLINA,TYRRELL,2017,32600,32500,99.7,37177
NORTH CAROLINA,WASHINGTON,2017,39700,39600,99.7,37187
NORTH CAROLINA,SURRY,2017,11900,11700,98.3,37171
NORTH CAROLINA,WILKES,2017,1600,1560,97.5,37193
NORTH CAROLINA,YADKIN,2017,19000,18800,98.9,37197
NORTH CAROLINA,ALAMANCE,2017,4800,4710,98.1,37001
NORTH CAROLINA,CASWELL,2017,3100,3000,96.8,37033
NORTH CAROLINA,FRANKLIN,2017,17400,17300,99.4,37069
NORTH CAROLINA,GRANVILLE,2017,4500,4110,91.3,37077
NORTH CAROLINA,GUILFORD,2017,10900,10300,94.5,37081
NORTH CAROLINA,ORANGE,2017,3900,3780,96.9,37135
NORTH CAROLINA,PERSON,2017,13100,12400,94.7,37145
NORTH CAROLINA,ROCKINGHAM,2017,5200,4990,96,37157
NORTH CAROLINA,STOKES,2017,2700,2500,92.6,37169
NORTH CAROLINA,VANCE,2017,5900,5830,98.8,37181
NORTH CAROLINA,WARREN,2017,8700,8470,97.4,37185
NORTH CAROLINA,BLADEN,2017,18500,18300,98.9,37017
NORTH CAROLINA,BRUNSWICK,2017,7500,7410,98.8,37019
NORTH CAROLINA,COLUMBUS,2017,53100,52800,99.4,37047
NORTH CAROLINA,CUMBERLAND,2017,19900,19800,99.5,37051
NORTH CAROLINA,DUPLIN,2017,52900,52800,99.8,37061
NORTH CAROLINA,HARNETT,2017,28800,28700,99.7,37085
NORTH CAROLINA,ROBESON,2017,87500,87200,99.7,37155
NORTH CAROLINA,SAMPSON,2017,62000,61800,99.7,37163
NORTH CAROLINA,SCOTLAND,2017,12800,12800,100,37165
NORTH CAROLINA,CLEVELAND,2017,16600,16400,98.8,37045
NORTH CAROLINA,GASTON,2017,3500,3480,99.4,37071
NORTH CAROLINA,LINCOLN,2017,6100,6070,99.5,37109
NORTH CAROLINA,MOORE,2017,4900,4840,98.8,37125
NORTH CAROLINA,STANLY,2017,19600,19600,100,37167
NORTH CAROLINA,UNION,2017,63300,63300,100,37179
NORTH CAROLINA,BEAUFORT,2016,61000,60500,99.2,37013
NORTH CAROLINA,CRAVEN,2016,24500,24300,99.2,37049
NORTH CAROLINA,GREENE,2016,36000,35500,98.6,37079
NORTH CAROLINA,HYDE,2016,36000,34800,96.7,37095
NORTH CAROLINA,JOHNSTON,2016,52000,51000,98.1,37101
NORTH CAROLINA,LENOIR,2016,40000,39000,97.5,37107
NORTH CAROLINA,OTHER (COMBINED) COUNTIES,2016,190900,188130,98.5,NA
NORTH CAROLINA,PAMLICO,2016,19500,19400,99.5,37137
NORTH CAROLINA,PITT,2016,63500,60500,95.3,37147
NORTH CAROLINA,WAYNE,2016,57500,55000,95.7,37191
NORTH CAROLINA,WILSON,2016,34500,34400,99.7,37195
NORTH CAROLINA,CATAWBA,2016,9600,9400,97.9,37035
NORTH CAROLINA,DAVIDSON,2016,10900,10700,98.2,37057
NORTH CAROLINA,DAVIE,2016,7900,7800,98.7,37059
NORTH CAROLINA,IREDELL,2016,17500,17400,99.4,37097
NORTH CAROLINA,LEE,2016,5000,4900,98,37105
NORTH CAROLINA,RANDOLPH,2016,9000,8800,97.8,37151
NORTH CAROLINA,ROWAN,2016,20000,19700,98.5,37159
NORTH CAROLINA,WAKE,2016,12500,12300,98.4,37183
NORTH CAROLINA,BERTIE,2016,32500,32300,99.4,37015
NORTH CAROLINA,CAMDEN,2016,31000,30900,99.7,37029
NORTH CAROLINA,CHOWAN,2016,16000,15900,99.4,37041
NORTH CAROLINA,EDGECOMBE,2016,49000,48500,99,37065
NORTH CAROLINA,GATES,2016,21500,21400,99.5,37073
NORTH CAROLINA,HALIFAX,2016,36500,36300,99.5,37083
NORTH CAROLINA,MARTIN,2016,24000,23800,99.2,37117
NORTH CAROLINA,NASH,2016,31500,31400,99.7,37127
NORTH CAROLINA,NORTHAMPTON,2016,36500,36300,99.5,37131
NORTH CAROLINA,PERQUIMANS,2016,45500,45000,98.9,37143
NORTH CAROLINA,TYRRELL,2016,30000,29300,97.7,37177
NORTH CAROLINA,WASHINGTON,2016,43000,42500,98.8,37187
NORTH CAROLINA,SURRY,2016,10600,10400,98.1,37171
NORTH CAROLINA,YADKIN,2016,18800,18700,99.5,37197
NORTH CAROLINA,ALAMANCE,2016,4700,4400,93.6,37001
NORTH CAROLINA,CASWELL,2016,3100,2820,91,37033
NORTH CAROLINA,FRANKLIN,2016,18000,17600,97.8,37069
NORTH CAROLINA,GRANVILLE,2016,5000,4800,96,37077
NORTH CAROLINA,GUILFORD,2016,11000,10200,92.7,37081
NORTH CAROLINA,ORANGE,2016,3700,3500,94.6,37135
NORTH CAROLINA,PERSON,2016,14000,13000,92.9,37145
NORTH CAROLINA,ROCKINGHAM,2016,5800,5300,91.4,37157
NORTH CAROLINA,STOKES,2016,3000,2700,90,37169
NORTH CAROLINA,VANCE,2016,6800,6700,98.5,37181
NORTH CAROLINA,WARREN,2016,8200,8000,97.6,37185
NORTH CAROLINA,BLADEN,2016,17000,15000,88.2,37017
NORTH CAROLINA,COLUMBUS,2016,56500,56000,99.1,37047
NORTH CAROLINA,CUMBERLAND,2016,19500,19200,98.5,37051
NORTH CAROLINA,DUPLIN,2016,52500,52000,99,37061
NORTH CAROLINA,HARNETT,2016,30000,29300,97.7,37085
NORTH CAROLINA,PENDER,2016,17500,17400,99.4,37141
NORTH CAROLINA,ROBESON,2016,82500,81000,98.2,37155
NORTH CAROLINA,SAMPSON,2016,60000,59500,99.2,37163
NORTH CAROLINA,SCOTLAND,2016,12000,11800,98.3,37165
NORTH CAROLINA,CABARRUS,2016,6700,6600,98.5,37025
NORTH CAROLINA,CLEVELAND,2016,16500,16300,98.8,37045
NORTH CAROLINA,GASTON,2016,4200,4200,100,37071
NORTH CAROLINA,LINCOLN,2016,9000,8600,95.6,37109
NORTH CAROLINA,RICHMOND,2016,4200,4000,95.2,37153
NORTH CAROLINA,STANLY,2016,19500,19400,99.5,37167
NORTH CAROLINA,UNION,2016,62000,61900,99.8,37179
NORTH CAROLINA,BURKE,2016,1100,850,77.3,37023
NORTH CAROLINA,RUTHERFORD,2016,1800,1700,94.4,37161
NORTH CAROLINA,BEAUFORT,2015,73000,72300,99,37013
NORTH CAROLINA,CRAVEN,2015,26800,26200,97.8,37049
NORTH CAROLINA,GREENE,2015,40400,38000,94.1,37079
NORTH CAROLINA,HYDE,2015,31000,30700,99,37095
NORTH CAROLINA,JOHNSTON,2015,57800,52300,90.5,37101
NORTH CAROLINA,JONES,2015,20300,19900,98,37103
NORTH CAROLINA,LENOIR,2015,41300,39800,96.4,37107
NORTH CAROLINA,OTHER (COMBINED) COUNTIES,2015,216700,206520,95.3,NA
NORTH CAROLINA,PITT,2015,72800,70000,96.2,37147
NORTH CAROLINA,WAYNE,2015,65800,61000,92.7,37191
NORTH CAROLINA,WILSON,2015,38800,37000,95.4,37195
NORTH CAROLINA,CATAWBA,2015,9500,8640,90.9,37035
NORTH CAROLINA,DAVIDSON,2015,11200,10300,92,37057
NORTH CAROLINA,DAVIE,2015,8100,7970,98.4,37059
NORTH CAROLINA,IREDELL,2015,18100,17800,98.3,37097
NORTH CAROLINA,LEE,2015,5200,4640,89.2,37105
NORTH CAROLINA,RANDOLPH,2015,9800,9180,93.7,37151
NORTH CAROLINA,ROWAN,2015,19800,18400,92.9,37159
NORTH CAROLINA,WAKE,2015,14400,12600,87.5,37183
NORTH CAROLINA,BERTIE,2015,29500,28900,98,37015
NORTH CAROLINA,CAMDEN,2015,31000,30900,99.7,37029
NORTH CAROLINA,CHOWAN,2015,14800,14800,100,37041
NORTH CAROLINA,CURRITUCK,2015,18700,18600,99.5,37053
NORTH CAROLINA,EDGECOMBE,2015,50300,48000,95.4,37065
NORTH CAROLINA,GATES,2015,20000,19800,99,37073
NORTH CAROLINA,HALIFAX,2015,37700,34300,91,37083
NORTH CAROLINA,HERTFORD,2015,16300,15700,96.3,37091
NORTH CAROLINA,MARTIN,2015,24800,23600,95.2,37117
NORTH CAROLINA,NASH,2015,32800,31300,95.4,37127
NORTH CAROLINA,NORTHAMPTON,2015,38700,37900,97.9,37131
NORTH CAROLINA,PERQUIMANS,2015,45500,45400,99.8,37143
NORTH CAROLINA,WASHINGTON,2015,41400,41100,99.3,37187
NORTH CAROLINA,YADKIN,2015,19800,19000,96,37197
NORTH CAROLINA,ALAMANCE,2015,6600,5970,90.5,37001
NORTH CAROLINA,CASWELL,2015,3400,2890,85,37033
NORTH CAROLINA,FORSYTH,2015,4700,4370,93,37067
NORTH CAROLINA,FRANKLIN,2015,19500,18200,93.3,37069
NORTH CAROLINA,GRANVILLE,2015,5300,5060,95.5,37077
NORTH CAROLINA,ORANGE,2015,4500,4070,90.4,37135
NORTH CAROLINA,PERSON,2015,14400,14200,98.6,37145
NORTH CAROLINA,ROCKINGHAM,2015,6700,4880,72.8,37157
NORTH CAROLINA,STOKES,2015,2900,2380,82.1,37169
NORTH CAROLINA,VANCE,2015,7600,7410,97.5,37181
NORTH CAROLINA,WARREN,2015,9800,9170,93.6,37185
NORTH CAROLINA,BLADEN,2015,25700,22600,87.9,37017
NORTH CAROLINA,COLUMBUS,2015,64200,60900,94.9,37047
NORTH CAROLINA,CUMBERLAND,2015,18900,17900,94.7,37051
NORTH CAROLINA,DUPLIN,2015,58500,53300,91.1,37061
NORTH CAROLINA,HARNETT,2015,28800,22200,77.1,37085
NORTH CAROLINA,ONSLOW,2015,19000,18500,97.4,37133
NORTH CAROLINA,ROBESON,2015,93200,90500,97.1,37155
NORTH CAROLINA,SAMPSON,2015,69000,65400,94.8,37163
NORTH CAROLINA,SCOTLAND,2015,12700,12100,95.3,37165
NORTH CAROLINA,ANSON,2015,16800,15700,93.5,37007
NORTH CAROLINA,CABARRUS,2015,6800,6500,95.6,37025
NORTH CAROLINA,CLEVELAND,2015,16200,14900,92,37045
NORTH CAROLINA,LINCOLN,2015,7200,6460,89.7,37109
NORTH CAROLINA,MONTGOMERY,2015,700,590,84.3,37123
NORTH CAROLINA,MOORE,2015,4300,3850,89.5,37125
NORTH CAROLINA,RICHMOND,2015,4300,3500,81.4,37153
NORTH CAROLINA,STANLY,2015,20200,19600,97,37167
NORTH CAROLINA,UNION,2015,64000,62600,97.8,37179
NORTH CAROLINA,RUTHERFORD,2015,2000,1750,87.5,37161
NORTH CAROLINA,BEAUFORT,2014,70500,70400,99.9,37013
NORTH CAROLINA,CRAVEN,2014,26500,26300,99.2,37049
NORTH CAROLINA,GREENE,2014,37100,36700,98.9,37079
NORTH CAROLINA,JOHNSTON,2014,57200,56600,99,37101
NORTH CAROLINA,JONES,2014,18800,18600,98.9,37103
NORTH CAROLINA,LENOIR,2014,40800,40300,98.8,37107
NORTH CAROLINA,OTHER (COMBINED) COUNTIES,2014,153900,152050,98.8,NA
NORTH CAROLINA,PAMLICO,2014,16500,16400,99.4,37137
NORTH CAROLINA,PITT,2014,65700,65100,99.1,37147
NORTH CAROLINA,WAYNE,2014,63300,62500,98.7,37191
NORTH CAROLINA,WILSON,2014,36300,36200,99.7,37195
NORTH CAROLINA,ALEXANDER,2014,2500,2480,99.2,37003
NORTH CAROLINA,CATAWBA,2014,8700,8520,97.9,37035
NORTH CAROLINA,CHATHAM,2014,3100,3050,98.4,37037
NORTH CAROLINA,DAVIDSON,2014,11500,11200,97.4,37057
NORTH CAROLINA,DAVIE,2014,8700,8570,98.5,37059
NORTH CAROLINA,IREDELL,2014,15500,15300,98.7,37097
NORTH CAROLINA,LEE,2014,6300,6260,99.4,37105
NORTH CAROLINA,RANDOLPH,2014,9400,9020,96,37151
NORTH CAROLINA,ROWAN,2014,18300,17900,97.8,37159
NORTH CAROLINA,WAKE,2014,15500,15200,98.1,37183
NORTH CAROLINA,BERTIE,2014,31000,30900,99.7,37015
NORTH CAROLINA,CAMDEN,2014,33500,33300,99.4,37029
NORTH CAROLINA,CURRITUCK,2014,17400,17300,99.4,37053
NORTH CAROLINA,EDGECOMBE,2014,44200,44100,99.8,37065
NORTH CAROLINA,GATES,2014,21000,20800,99,37073
NORTH CAROLINA,HERTFORD,2014,15400,15400,100,37091
NORTH CAROLINA,MARTIN,2014,23400,23200,99.1,37117
NORTH CAROLINA,NASH,2014,32900,32700,99.4,37127
NORTH CAROLINA,NORTHAMPTON,2014,37000,36800,99.5,37131
NORTH CAROLINA,PASQUOTANK,2014,43900,43700,99.5,37139
NORTH CAROLINA,PERQUIMANS,2014,43900,43800,99.8,37143
NORTH CAROLINA,TYRRELL,2014,31100,31000,99.7,37177
NORTH CAROLINA,WASHINGTON,2014,43300,43000,99.3,37187
NORTH CAROLINA,SURRY,2014,12200,12000,98.4,37171
NORTH CAROLINA,WILKES,2014,2000,1940,97,37193
NORTH CAROLINA,YADKIN,2014,18600,18400,98.9,37197
NORTH CAROLINA,ALAMANCE,2014,6100,6000,98.4,37001
NORTH CAROLINA,FRANKLIN,2014,18400,18200,98.9,37069
NORTH CAROLINA,GRANVILLE,2014,3900,3770,96.7,37077
NORTH CAROLINA,GUILFORD,2014,10300,10000,97.1,37081
NORTH CAROLINA,ORANGE,2014,4000,3830,95.8,37135
NORTH CAROLINA,PERSON,2014,14000,13800,98.6,37145
NORTH CAROLINA,ROCKINGHAM,2014,5300,4790,90.4,37157
NORTH CAROLINA,STOKES,2014,2600,2390,91.9,37169
NORTH CAROLINA,VANCE,2014,7200,7100,98.6,37181
NORTH CAROLINA,WARREN,2014,9100,9050,99.5,37185
NORTH CAROLINA,BLADEN,2014,22400,22100,98.7,37017
NORTH CAROLINA,BRUNSWICK,2014,9500,9320,98.1,37019
NORTH CAROLINA,COLUMBUS,2014,61400,60200,98,37047
NORTH CAROLINA,CUMBERLAND,2014,19800,19500,98.5,37051
NORTH CAROLINA,DUPLIN,2014,57300,57100,99.7,37061
NORTH CAROLINA,HARNETT,2014,27700,26900,97.1,37085
NORTH CAROLINA,HOKE,2014,12400,12200,98.4,37093
NORTH CAROLINA,ONSLOW,2014,15600,15500,99.4,37133
NORTH CAROLINA,ROBESON,2014,95400,94800,99.4,37155
NORTH CAROLINA,SAMPSON,2014,65600,65300,99.5,37163
NORTH CAROLINA,ANSON,2014,14900,14400,96.6,37007
NORTH CAROLINA,CABARRUS,2014,6800,6600,97.1,37025
NORTH CAROLINA,CLEVELAND,2014,15800,15100,95.6,37045
NORTH CAROLINA,GASTON,2014,3800,3780,99.5,37071
NORTH CAROLINA,LINCOLN,2014,7400,7200,97.3,37109
NORTH CAROLINA,MOORE,2014,4300,4100,95.3,37125
NORTH CAROLINA,RICHMOND,2014,4300,3960,92.1,37153
NORTH CAROLINA,STANLY,2014,20400,20000,98,37167
NORTH CAROLINA,UNION,2014,64300,63000,98,37179
NORTH CAROLINA,BURKE,2014,1100,1050,95.5,37023
NORTH CAROLINA,RUTHERFORD,2014,2000,1970,98.5,37161
NORTH CAROLINA,BEAUFORT,2013,63000,62800,99.7,37013
NORTH CAROLINA,CRAVEN,2013,23700,23600,99.6,37049
NORTH CAROLINA,GREENE,2013,33000,32900,99.7,37079
NORTH CAROLINA,HYDE,2013,31500,31400,99.7,37095
NORTH CAROLINA,JOHNSTON,2013,46000,45800,99.6,37101
NORTH CAROLINA,JONES,2013,19000,18900,99.5,37103
NORTH CAROLINA,LENOIR,2013,35000,34900,99.7,37107
NORTH CAROLINA,OTHER (COMBINED) COUNTIES,2013,159700,157150,98.4,NA
NORTH CAROLINA,PITT,2013,57500,57300,99.7,37147
NORTH CAROLINA,WAYNE,2013,52500,52400,99.8,37191
NORTH CAROLINA,WILSON,2013,33500,33400,99.7,37195
NORTH CAROLINA,ALEXANDER,2013,2500,2400,96,37003
NORTH CAROLINA,CATAWBA,2013,6900,6600,95.7,37035
NORTH CAROLINA,CHATHAM,2013,1800,1700,94.4,37037
NORTH CAROLINA,DAVIDSON,2013,9600,9100,94.8,37057
NORTH CAROLINA,DAVIE,2013,7300,6200,84.9,37059
NORTH CAROLINA,IREDELL,2013,15100,14800,98,37097
NORTH CAROLINA,LEE,2013,3300,3200,97,37105
NORTH CAROLINA,RANDOLPH,2013,7700,7300,94.8,37151
NORTH CAROLINA,ROWAN,2013,16400,15600,95.1,37159
NORTH CAROLINA,WAKE,2013,12400,11600,93.5,37183
NORTH CAROLINA,BERTIE,2013,27500,26900,97.8,37015
NORTH CAROLINA,CAMDEN,2013,30000,29900,99.7,37029
NORTH CAROLINA,CHOWAN,2013,13300,13200,99.2,37041
NORTH CAROLINA,CURRITUCK,2013,20300,20200,99.5,37053
NORTH CAROLINA,EDGECOMBE,2013,43000,42900,99.8,37065
NORTH CAROLINA,GATES,2013,20000,19700,98.5,37073
NORTH CAROLINA,HALIFAX,2013,26600,26400,99.2,37083
NORTH CAROLINA,HERTFORD,2013,15800,15700,99.4,37091
NORTH CAROLINA,MARTIN,2013,18000,17800,98.9,37117
NORTH CAROLINA,NASH,2013,29500,29100,98.6,37127
NORTH CAROLINA,NORTHAMPTON,2013,38000,37700,99.2,37131
NORTH CAROLINA,PERQUIMANS,2013,44000,43800,99.5,37143
NORTH CAROLINA,TYRRELL,2013,30000,29900,99.7,37177
NORTH CAROLINA,SURRY,2013,10400,10000,96.2,37171
NORTH CAROLINA,YADKIN,2013,17500,16600,94.9,37197
NORTH CAROLINA,ALAMANCE,2013,4400,4200,95.5,37001
NORTH CAROLINA,FORSYTH,2013,3900,3400,87.2,37067
NORTH CAROLINA,FRANKLIN,2013,17900,16800,93.9,37069
NORTH CAROLINA,GRANVILLE,2013,3700,3000,81.1,37077
NORTH CAROLINA,GUILFORD,2013,7700,7000,90.9,37081
NORTH CAROLINA,ORANGE,2013,2500,2200,88,37135
NORTH CAROLINA,PERSON,2013,11100,10400,93.7,37145
NORTH CAROLINA,ROCKINGHAM,2013,4100,3800,92.7,37157
NORTH CAROLINA,STOKES,2013,2300,1950,84.8,37169
NORTH CAROLINA,VANCE,2013,6100,5600,91.8,37181
NORTH CAROLINA,WARREN,2013,7800,7400,94.9,37185
NORTH CAROLINA,BLADEN,2013,16600,16300,98.2,37017
NORTH CAROLINA,COLUMBUS,2013,47500,46100,97.1,37047
NORTH CAROLINA,CUMBERLAND,2013,13000,12800,98.5,37051
NORTH CAROLINA,DUPLIN,2013,47500,46700,98.3,37061
NORTH CAROLINA,HARNETT,2013,19200,18200,94.8,37085
NORTH CAROLINA,ONSLOW,2013,13500,13300,98.5,37133
NORTH CAROLINA,ROBESON,2013,65000,63500,97.7,37155
NORTH CAROLINA,SAMPSON,2013,53000,52500,99.1,37163
NORTH CAROLINA,SCOTLAND,2013,10400,10000,96.2,37165
NORTH CAROLINA,ANSON,2013,9900,9300,93.9,37007
NORTH CAROLINA,CABARRUS,2013,4100,3800,92.7,37025
NORTH CAROLINA,CLEVELAND,2013,14200,14100,99.3,37045
NORTH CAROLINA,GASTON,2013,3600,3500,97.2,37071
NORTH CAROLINA,LINCOLN,2013,5900,5700,96.6,37109
NORTH CAROLINA,MECKLENBURG,2013,1300,1200,92.3,37119
NORTH CAROLINA,MONTGOMERY,2013,1000,900,90,37123
NORTH CAROLINA,MOORE,2013,3000,2800,93.3,37125
NORTH CAROLINA,RICHMOND,2013,2800,2300,82.1,37153
NORTH CAROLINA,STANLY,2013,14400,13900,96.5,37167
NORTH CAROLINA,UNION,2013,41300,38500,93.2,37179
