Year,State,County,Harvested,Planted,SuccessRate
2024,VIRGINIA,AMELIA,11200,11400,98.2
2024,VIRGINIA,BEDFORD,500,500,100
2024,VIRGINIA,BUCKINGHAM,3090,3500,88.3
2024,VIRGINIA,CAMPBELL,5980,7200,83.1
2024,VIRGINIA,CAROLINE,19700,19800,99.5
2024,VIRGINIA,CHESTERFIELD,1770,1900,93.2
2024,VIRGINIA,GOOCHLAND,4570,4600,99.3
2024,VIRGINIA,GREENE,570,700,81.4
2024,VIRGINIA,ORANGE,7200,7200,100
2024,VIRGINIA,ACCOMACK,29000,29100,99.7
2024,VIRGINIA,CHARLES CITY,7560,7600,99.5
2024,VIRGINIA,ESSEX,19700,19700,100
2024,VIRGINIA,KING AND QUEEN,16300,16300,100
2024,VIRGINIA,NEW KENT,4600,4600,100
2024,VIRGINIA,NORTHAMPTON,19300,19300,100
2024,VIRGINIA,NORTHUMBERLAND,16000,16000,100
2024,VIRGINIA,RICHMOND,14600,14600,100
2024,VIRGINIA,WESTMORELAND,17500,17500,100
2024,VIRGINIA,CULPEPER,12700,12800,99.2
2024,VIRGINIA,FAUQUIER,15000,15000,100
2024,VIRGINIA,MADISON,5320,5400,98.5
2024,VIRGINIA,ROCKINGHAM,8760,9100,96.3
2024,VIRGINIA,SHENANDOAH,5350,5600,95.5
2024,VIRGINIA,CHESAPEAKE CITY,15900,15900,100
2024,VIRGINIA,DINWIDDIE,17000,17100,99.4
2024,VIRGINIA,ISLE OF WIGHT,14300,14400,99.3
2024,VIRGINIA,MECKLENBURG,21300,21500,99.1
2024,VIRGINIA,PRINCE GEORGE,8810,9000,97.9
2024,VIRGINIA,SOUTHAMPTON,18800,18900,99.5
2024,VIRGINIA,SUFFOLK CITY,15900,16000,99.4
2024,VIRGINIA,SURRY,15300,15300,100
2024,VIRGINIA,SUSSEX,20100,20200,99.5
2024,VIRGINIA,VIRGINIA BEACH CITY,10600,10600,100
2024,VIRGINIA,CHARLOTTE,9060,9400,96.4
2024,VIRGINIA,FRANKLIN,8160,8300,98.3
2024,VIRGINIA,NOTTOWAY,4570,4600,99.3
2024,VIRGINIA,PITTSYLVANIA,10300,11400,90.4
2024,VIRGINIA,AUGUSTA,5720,6000,95.3
2024,VIRGINIA,BOTETOURT,1520,1700,89.4
2023,VIRGINIA,AMELIA,9950,10000,99.5
2023,VIRGINIA,CAMPBELL,6310,6400,98.6
2023,VIRGINIA,CAROLINE,19200,19300,99.5
2023,VIRGINIA,CHESTERFIELD,1080,1100,98.2
2023,VIRGINIA,GOOCHLAND,3050,3100,98.4
2023,VIRGINIA,ORANGE,7400,7500,98.7
2023,VIRGINIA,SPOTSYLVANIA,5330,5400,98.7
2023,VIRGINIA,CHARLES CITY,6110,6200,98.5
2023,VIRGINIA,ESSEX,19400,19800,98
2023,VIRGINIA,GLOUCESTER,6310,6400,98.6
2023,VIRGINIA,KING AND QUEEN,14500,14600,99.3
2023,VIRGINIA,KING WILLIAM,15900,16100,98.8
2023,VIRGINIA,LANCASTER,6810,6900,98.7
2023,VIRGINIA,MIDDLESEX,5720,5800,98.6
2023,VIRGINIA,NORTHAMPTON,20900,21200,98.6
2023,VIRGINIA,NORTHUMBERLAND,15800,16000,98.8
2023,VIRGINIA,RICHMOND,12800,13000,98.5
2023,VIRGINIA,WESTMORELAND,16000,16200,98.8
2023,VIRGINIA,CULPEPER,12800,13000,98.5
2023,VIRGINIA,FAUQUIER,13600,13700,99.3
2023,VIRGINIA,FREDERICK,1420,1500,94.7
2023,VIRGINIA,MADISON,6390,6500,98.3
2023,VIRGINIA,PAGE,500,700,71.4
2023,VIRGINIA,ROCKINGHAM,8000,8400,95.2
2023,VIRGINIA,SHENANDOAH,6320,6500,97.2
2023,VIRGINIA,STAFFORD,1480,1500,98.7
2023,VIRGINIA,BRUNSWICK,11700,11900,98.3
2023,VIRGINIA,CHESAPEAKE CITY,14000,14200,98.6
2023,VIRGINIA,DINWIDDIE,16000,16100,99.4
2023,VIRGINIA,ISLE OF WIGHT,14200,14500,97.9
2023,VIRGINIA,MECKLENBURG,19700,19900,99
2023,VIRGINIA,SOUTHAMPTON,19100,19400,98.5
2023,VIRGINIA,SUFFOLK CITY,15900,16100,98.8
2023,VIRGINIA,SUSSEX,18600,18800,98.9
2023,VIRGINIA,CHARLOTTE,8970,9100,98.6
2023,VIRGINIA,FRANKLIN,6430,6600,97.4
2023,VIRGINIA,LUNENBURG,7700,7800,98.7
2023,VIRGINIA,NOTTOWAY,3950,4000,98.8
2023,VIRGINIA,PITTSYLVANIA,10700,11200,95.5
2023,VIRGINIA,AUGUSTA,6770,6900,98.1
2023,VIRGINIA,BOTETOURT,1220,1300,93.8
2022,VIRGINIA,AMELIA,10900,11100,98.2
2022,VIRGINIA,APPOMATTOX,1970,2000,98.5
2022,VIRGINIA,BUCKINGHAM,2810,2900,96.9
2022,VIRGINIA,CAMPBELL,5890,6000,98.2
2022,VIRGINIA,CAROLINE,19900,20200,98.5
2022,VIRGINIA,CHESTERFIELD,1270,1300,97.7
2022,VIRGINIA,GOOCHLAND,3650,3700,98.6
2022,VIRGINIA,LOUISA,6310,6400,98.6
2022,VIRGINIA,ORANGE,7300,7400,98.6
2022,VIRGINIA,POWHATAN,2060,2100,98.1
2022,VIRGINIA,PRINCE EDWARD,1480,1500,98.7
2022,VIRGINIA,SPOTSYLVANIA,5030,5100,98.6
2022,VIRGINIA,ACCOMACK,33600,34100,98.5
2022,VIRGINIA,CHARLES CITY,7500,7600,98.7
2022,VIRGINIA,ESSEX,21300,21600,98.6
2022,VIRGINIA,GLOUCESTER,6900,7000,98.6
2022,VIRGINIA,KING AND QUEEN,18100,18300,98.9
2022,VIRGINIA,KING WILLIAM,16200,16400,98.8
2022,VIRGINIA,MATHEWS,1550,1700,91.2
2022,VIRGINIA,MIDDLESEX,7500,7600,98.7
2022,VIRGINIA,NORTHAMPTON,22500,23200,97
2022,VIRGINIA,NORTHUMBERLAND,16400,16500,99.4
2022,VIRGINIA,RICHMOND,15300,15500,98.7
2022,VIRGINIA,WESTMORELAND,18000,18200,98.9
2022,VIRGINIA,CULPEPER,12900,13100,98.5
2022,VIRGINIA,FAUQUIER,13400,13600,98.5
2022,VIRGINIA,FREDERICK,1680,1700,98.8
2022,VIRGINIA,LOUDOUN,4640,4700,98.7
2022,VIRGINIA,MADISON,5720,5800,98.6
2022,VIRGINIA,PAGE,610,700,87.1
2022,VIRGINIA,ROCKINGHAM,8980,9100,98.7
2022,VIRGINIA,SHENANDOAH,5910,6000,98.5
2022,VIRGINIA,STAFFORD,1350,1400,96.4
2022,VIRGINIA,BRUNSWICK,12400,12600,98.4
2022,VIRGINIA,CHESAPEAKE CITY,14600,14700,99.3
2022,VIRGINIA,DINWIDDIE,16000,16200,98.8
2022,VIRGINIA,ISLE OF WIGHT,15000,15200,98.7
2022,VIRGINIA,MECKLENBURG,21300,21500,99.1
2022,VIRGINIA,SOUTHAMPTON,20300,20500,99
2022,VIRGINIA,SUFFOLK CITY,18300,18500,98.9
2022,VIRGINIA,SURRY,14200,14500,97.9
2022,VIRGINIA,VIRGINIA BEACH CITY,10000,10200,98
2022,VIRGINIA,CHARLOTTE,8880,9000,98.7
2022,VIRGINIA,FRANKLIN,6480,6600,98.2
2022,VIRGINIA,HALIFAX,13100,13400,97.8
2022,VIRGINIA,LUNENBURG,6970,7200,96.8
2022,VIRGINIA,PITTSYLVANIA,10100,10400,97.1
2022,VIRGINIA,AUGUSTA,7100,7300,97.3
2021,VIRGINIA,AMELIA,10700,11000,97.3
2021,VIRGINIA,CAMPBELL,5240,5500,95.3
2021,VIRGINIA,CAROLINE,21700,22000,98.6
2021,VIRGINIA,CHESTERFIELD,1270,1300,97.7
2021,VIRGINIA,GOOCHLAND,3900,4000,97.5
2021,VIRGINIA,HENRICO,4340,4400,98.6
2021,VIRGINIA,LOUISA,4530,4600,98.5
2021,VIRGINIA,ORANGE,7200,7300,98.6
2021,VIRGINIA,SPOTSYLVANIA,4630,4700,98.5
2021,VIRGINIA,ACCOMACK,32000,32500,98.5
2021,VIRGINIA,CHARLES CITY,7200,7300,98.6
2021,VIRGINIA,ESSEX,19200,19500,98.5
2021,VIRGINIA,GLOUCESTER,5720,5800,98.6
2021,VIRGINIA,KING AND QUEEN,15900,16100,98.8
2021,VIRGINIA,KING WILLIAM,15900,16100,98.8
2021,VIRGINIA,MATHEWS,1280,1300,98.5
2021,VIRGINIA,MIDDLESEX,6610,6700,98.7
2021,VIRGINIA,NEW KENT,4830,4900,98.6
2021,VIRGINIA,NORTHAMPTON,22000,22300,98.7
2021,VIRGINIA,NORTHUMBERLAND,15500,15700,98.7
2021,VIRGINIA,RICHMOND,13400,13600,98.5
2021,VIRGINIA,WESTMORELAND,16100,16300,98.8
2021,VIRGINIA,CULPEPER,12100,12300,98.4
2021,VIRGINIA,FAUQUIER,11900,12100,98.3
2021,VIRGINIA,FREDERICK,1680,1700,98.8
2021,VIRGINIA,LOUDOUN,4040,4100,98.5
2021,VIRGINIA,MADISON,6110,6200,98.5
2021,VIRGINIA,PAGE,790,800,98.8
2021,VIRGINIA,ROCKINGHAM,9170,9300,98.6
2021,VIRGINIA,SHENANDOAH,5000,5100,98
2021,VIRGINIA,STAFFORD,1480,1500,98.7
2021,VIRGINIA,BRUNSWICK,11600,11800,98.3
2021,VIRGINIA,CHESAPEAKE CITY,18000,18200,98.9
2021,VIRGINIA,DINWIDDIE,15000,15200,98.7
2021,VIRGINIA,GREENSVILLE,10100,10200,99
2021,VIRGINIA,ISLE OF WIGHT,15800,16100,98.1
2021,VIRGINIA,MECKLENBURG,19800,20100,98.5
2021,VIRGINIA,PRINCE GEORGE,10800,11000,98.2
2021,VIRGINIA,SOUTHAMPTON,21600,22000,98.2
2021,VIRGINIA,SUFFOLK CITY,17800,18000,98.9
2021,VIRGINIA,SURRY,14400,14600,98.6
2021,VIRGINIA,SUSSEX,20800,21100,98.6
2021,VIRGINIA,VIRGINIA BEACH CITY,9860,10000,98.6
2021,VIRGINIA,CHARLOTTE,8280,8400,98.6
2021,VIRGINIA,FRANKLIN,7880,8100,97.3
2021,VIRGINIA,LUNENBURG,6300,6400,98.4
2021,VIRGINIA,NOTTOWAY,3750,3800,98.7
2021,VIRGINIA,PITTSYLVANIA,8550,9100,94
2021,VIRGINIA,AUGUSTA,7090,7200,98.5
2021,VIRGINIA,BOTETOURT,1250,1300,96.2
2020,VIRGINIA,AMELIA,9440,9600,98.3
2020,VIRGINIA,APPOMATTOX,1970,2000,98.5
2020,VIRGINIA,CAMPBELL,5060,5200,97.3
2020,VIRGINIA,CAROLINE,19100,19500,97.9
2020,VIRGINIA,CHESTERFIELD,1360,1400,97.1
2020,VIRGINIA,LOUISA,5800,5900,98.3
2020,VIRGINIA,ORANGE,5030,5100,98.6
2020,VIRGINIA,PRINCE EDWARD,1110,1300,85.4
2020,VIRGINIA,SPOTSYLVANIA,5130,5200,98.7
2020,VIRGINIA,ACCOMACK,33300,34000,97.9
2020,VIRGINIA,CHARLES CITY,7290,7400,98.5
2020,VIRGINIA,ESSEX,18100,18400,98.4
2020,VIRGINIA,GLOUCESTER,6010,6100,98.5
2020,VIRGINIA,KING AND QUEEN,16800,17000,98.8
2020,VIRGINIA,KING WILLIAM,16700,16900,98.8
2020,VIRGINIA,LANCASTER,7200,7300,98.6
2020,VIRGINIA,MATHEWS,1860,1900,97.9
2020,VIRGINIA,MIDDLESEX,6900,7000,98.6
2020,VIRGINIA,NEW KENT,4230,4400,96.1
2020,VIRGINIA,NORTHAMPTON,20800,21000,99
2020,VIRGINIA,NORTHUMBERLAND,15200,15400,98.7
2020,VIRGINIA,RICHMOND,14500,14700,98.6
2020,VIRGINIA,WESTMORELAND,17100,17200,99.4
2020,VIRGINIA,CULPEPER,8770,8900,98.5
2020,VIRGINIA,FAUQUIER,11600,11800,98.3
2020,VIRGINIA,FREDERICK,1180,1200,98.3
2020,VIRGINIA,LOUDOUN,4640,4800,96.7
2020,VIRGINIA,MADISON,6210,6300,98.6
2020,VIRGINIA,PAGE,590,600,98.3
2020,VIRGINIA,ROCKINGHAM,7500,7700,97.4
2020,VIRGINIA,SHENANDOAH,3620,3700,97.8
2020,VIRGINIA,BRUNSWICK,11000,11200,98.2
2020,VIRGINIA,CHESAPEAKE CITY,21100,21200,99.5
2020,VIRGINIA,DINWIDDIE,16400,16600,98.8
2020,VIRGINIA,GREENSVILLE,9650,9900,97.5
2020,VIRGINIA,ISLE OF WIGHT,15800,16000,98.8
2020,VIRGINIA,MECKLENBURG,17500,17700,98.9
2020,VIRGINIA,PRINCE GEORGE,8480,8600,98.6
2020,VIRGINIA,SOUTHAMPTON,18700,19000,98.4
2020,VIRGINIA,SUFFOLK CITY,16400,16500,99.4
2020,VIRGINIA,SURRY,14300,14500,98.6
2020,VIRGINIA,SUSSEX,19600,19700,99.5
2020,VIRGINIA,VIRGINIA BEACH CITY,9550,9700,98.5
2020,VIRGINIA,CHARLOTTE,6940,7100,97.7
2020,VIRGINIA,FRANKLIN,6700,7000,95.7
2020,VIRGINIA,HALIFAX,10500,10800,97.2
2020,VIRGINIA,LUNENBURG,5630,6000,93.8
2020,VIRGINIA,NOTTOWAY,2600,2700,96.3
2020,VIRGINIA,PITTSYLVANIA,5850,6200,94.4
2020,VIRGINIA,AUGUSTA,5510,5600,98.4
2020,VIRGINIA,BOTETOURT,1080,1100,98.2
2019,VIRGINIA,AMELIA,10500,10600,99.1
2019,VIRGINIA,CAROLINE,20700,20800,99.5
2019,VIRGINIA,CHESTERFIELD,1450,1600,90.6
2019,VIRGINIA,LOUISA,5040,5100,98.8
2019,VIRGINIA,ORANGE,6140,6200,99
2019,VIRGINIA,OTHER (COMBINED) COUNTIES,153630,157500,97.5
2019,VIRGINIA,PRINCE EDWARD,1190,1200,99.2
2019,VIRGINIA,SPOTSYLVANIA,4180,4200,99.5
2019,VIRGINIA,ACCOMACK,31300,31500,99.4
2019,VIRGINIA,ESSEX,19400,19500,99.5
2019,VIRGINIA,GLOUCESTER,5800,5900,98.3
2019,VIRGINIA,KING AND QUEEN,15800,15900,99.4
2019,VIRGINIA,KING WILLIAM,17100,17200,99.4
2019,VIRGINIA,MIDDLESEX,6300,6400,98.4
2019,VIRGINIA,NEW KENT,4800,4900,98
2019,VIRGINIA,NORTHAMPTON,19300,19700,98
2019,VIRGINIA,NORTHUMBERLAND,15700,16000,98.1
2019,VIRGINIA,WESTMORELAND,17000,17100,99.4
2019,VIRGINIA,CULPEPER,10700,10800,99.1
2019,VIRGINIA,FAUQUIER,11000,11100,99.1
2019,VIRGINIA,FREDERICK,1380,1400,98.6
2019,VIRGINIA,MADISON,6250,6300,99.2
2019,VIRGINIA,PAGE,870,900,96.7
2019,VIRGINIA,ROCKINGHAM,8080,8400,96.2
2019,VIRGINIA,BRUNSWICK,10600,11000,96.4
2019,VIRGINIA,CHESAPEAKE CITY,19400,19500,99.5
2019,VIRGINIA,DINWIDDIE,16100,16300,98.8
2019,VIRGINIA,GREENSVILLE,8800,8900,98.9
2019,VIRGINIA,ISLE OF WIGHT,13800,14000,98.6
2019,VIRGINIA,MECKLENBURG,18600,18900,98.4
2019,VIRGINIA,PRINCE GEORGE,10200,10300,99
2019,VIRGINIA,SOUTHAMPTON,18200,18400,98.9
2019,VIRGINIA,SURRY,11800,12100,97.5
2019,VIRGINIA,CHARLOTTE,9600,9700,99
2019,VIRGINIA,FRANKLIN,7000,7600,92.1
2019,VIRGINIA,HALIFAX,10900,11300,96.5
2019,VIRGINIA,NOTTOWAY,3490,3500,99.7
2018,VIRGINIA,AMELIA,10500,10600,99.1
2018,VIRGINIA,APPOMATTOX,2000,2000,100
2018,VIRGINIA,CAROLINE,21000,21100,99.5
2018,VIRGINIA,CHESTERFIELD,1210,1300,93.1
2018,VIRGINIA,HANOVER,18400,18600,98.9
2018,VIRGINIA,LOUISA,6350,6400,99.2
2018,VIRGINIA,ORANGE,6420,6700,95.8
2018,VIRGINIA,OTHER (COMBINED) COUNTIES,138260,141600,97.6
2018,VIRGINIA,POWHATAN,2260,2300,98.3
2018,VIRGINIA,SPOTSYLVANIA,4870,4900,99.4
2018,VIRGINIA,ACCOMACK,35400,35700,99.2
2018,VIRGINIA,ESSEX,19100,19200,99.5
2018,VIRGINIA,KING AND QUEEN,17000,17200,98.8
2018,VIRGINIA,KING GEORGE,4270,4600,92.8
2018,VIRGINIA,KING WILLIAM,17200,17300,99.4
2018,VIRGINIA,MIDDLESEX,7580,7600,99.7
2018,VIRGINIA,NORTHAMPTON,20100,20300,99
2018,VIRGINIA,NORTHUMBERLAND,16000,16100,99.4
2018,VIRGINIA,RICHMOND,13800,13900,99.3
2018,VIRGINIA,WESTMORELAND,18100,18200,99.5
2018,VIRGINIA,CULPEPER,10500,11000,95.5
2018,VIRGINIA,FAUQUIER,12800,13000,98.5
2018,VIRGINIA,FREDERICK,1780,1800,98.9
2018,VIRGINIA,MADISON,6610,6700,98.7
2018,VIRGINIA,PAGE,700,700,100
2018,VIRGINIA,ROCKINGHAM,9210,9300,99
2018,VIRGINIA,SHENANDOAH,4780,4800,99.6
2018,VIRGINIA,CHESAPEAKE CITY,20600,20600,100
2018,VIRGINIA,DINWIDDIE,15700,15900,98.7
2018,VIRGINIA,GREENSVILLE,9100,9300,97.8
2018,VIRGINIA,ISLE OF WIGHT,15200,15300,99.3
2018,VIRGINIA,MECKLENBURG,17800,18100,98.3
2018,VIRGINIA,PRINCE GEORGE,10800,10900,99.1
2018,VIRGINIA,SUFFOLK CITY,18400,18500,99.5
2018,VIRGINIA,SURRY,13600,13800,98.6
2018,VIRGINIA,VIRGINIA BEACH CITY,9800,9900,99
2018,VIRGINIA,CHARLOTTE,8370,8800,95.1
2018,VIRGINIA,LUNENBURG,5830,6000,97.2
2018,VIRGINIA,NOTTOWAY,3300,3300,100
2018,VIRGINIA,PATRICK,600,700,85.7
2018,VIRGINIA,PITTSYLVANIA,6100,6600,92.4
2017,VIRGINIA,AMELIA,10100,10200,99
2017,VIRGINIA,BEDFORD,650,700,92.9
2017,VIRGINIA,CAMPBELL,5810,6000,96.8
2017,VIRGINIA,CAROLINE,21700,21700,100
2017,VIRGINIA,CHESTERFIELD,1660,1700,97.6
2017,VIRGINIA,CUMBERLAND,2770,2800,98.9
2017,VIRGINIA,GOOCHLAND,4160,4200,99
2017,VIRGINIA,LOUISA,5540,5600,98.9
2017,VIRGINIA,ORANGE,6740,6800,99.1
2017,VIRGINIA,OTHER (COMBINED) COUNTIES,112160,114600,97.9
2017,VIRGINIA,PRINCE EDWARD,1120,1200,93.3
2017,VIRGINIA,SPOTSYLVANIA,3560,3600,98.9
2017,VIRGINIA,ACCOMACK,33700,34300,98.3
2017,VIRGINIA,CHARLES CITY,8200,8300,98.8
2017,VIRGINIA,ESSEX,19800,20100,98.5
2017,VIRGINIA,GLOUCESTER,6860,6900,99.4
2017,VIRGINIA,KING AND QUEEN,16500,16700,98.8
2017,VIRGINIA,KING GEORGE,4970,5000,99.4
2017,VIRGINIA,KING WILLIAM,16400,16600,98.8
2017,VIRGINIA,NORTHAMPTON,20300,20600,98.5
2017,VIRGINIA,NORTHUMBERLAND,15400,15600,98.7
2017,VIRGINIA,RICHMOND,15000,15200,98.7
2017,VIRGINIA,WESTMORELAND,17700,18000,98.3
2017,VIRGINIA,CULPEPER,10200,10300,99
2017,VIRGINIA,FAUQUIER,12600,12700,99.2
2017,VIRGINIA,FREDERICK,1370,1400,97.9
2017,VIRGINIA,LOUDOUN,6410,6500,98.6
2017,VIRGINIA,MADISON,6500,6600,98.5
2017,VIRGINIA,PAGE,680,700,97.1
2017,VIRGINIA,ROCKINGHAM,7380,7500,98.4
2017,VIRGINIA,SHENANDOAH,5170,5300,97.5
2017,VIRGINIA,BRUNSWICK,10600,10800,98.1
2017,VIRGINIA,CHESAPEAKE CITY,21300,21500,99.1
2017,VIRGINIA,DINWIDDIE,13900,14300,97.2
2017,VIRGINIA,GREENSVILLE,9400,9500,98.9
2017,VIRGINIA,ISLE OF WIGHT,17000,17300,98.3
2017,VIRGINIA,PRINCE GEORGE,9400,9500,98.9
2017,VIRGINIA,SOUTHAMPTON,22600,22900,98.7
2017,VIRGINIA,SUFFOLK CITY,19400,19600,99
2017,VIRGINIA,SURRY,15400,15600,98.7
2017,VIRGINIA,VIRGINIA BEACH CITY,10600,10700,99.1
2017,VIRGINIA,CHARLOTTE,8310,8500,97.8
2017,VIRGINIA,HALIFAX,9770,10300,94.9
2017,VIRGINIA,LUNENBURG,5140,5200,98.8
2017,VIRGINIA,NOTTOWAY,3270,3300,99.1
2017,VIRGINIA,PITTSYLVANIA,5000,5300,94.3
2016,VIRGINIA,AMELIA,10200,10300,99
2016,VIRGINIA,APPOMATTOX,1830,1900,96.3
2016,VIRGINIA,BEDFORD,640,900,71.1
2016,VIRGINIA,CAROLINE,21500,21600,99.5
2016,VIRGINIA,CUMBERLAND,3000,3200,93.8
2016,VIRGINIA,GOOCHLAND,3650,3700,98.6
2016,VIRGINIA,HANOVER,18200,18300,99.5
2016,VIRGINIA,LOUISA,6400,6500,98.5
2016,VIRGINIA,ORANGE,6500,6600,98.5
2016,VIRGINIA,OTHER (COMBINED) COUNTIES,116980,119900,97.6
2016,VIRGINIA,POWHATAN,2130,2200,96.8
2016,VIRGINIA,PRINCE EDWARD,1240,1300,95.4
2016,VIRGINIA,SPOTSYLVANIA,3650,3700,98.6
2016,VIRGINIA,ACCOMACK,34100,34500,98.8
2016,VIRGINIA,CHARLES CITY,7750,7800,99.4
2016,VIRGINIA,ESSEX,18400,18500,99.5
2016,VIRGINIA,GLOUCESTER,6850,6900,99.3
2016,VIRGINIA,KING AND QUEEN,16000,16100,99.4
2016,VIRGINIA,KING WILLIAM,17000,17100,99.4
2016,VIRGINIA,MIDDLESEX,7900,8000,98.8
2016,VIRGINIA,NORTHAMPTON,22400,22500,99.6
2016,VIRGINIA,NORTHUMBERLAND,16700,16800,99.4
2016,VIRGINIA,RICHMOND,14500,14600,99.3
2016,VIRGINIA,WESTMORELAND,19000,19100,99.5
2016,VIRGINIA,CULPEPER,9800,9900,99
2016,VIRGINIA,FAUQUIER,8900,9000,98.9
2016,VIRGINIA,FREDERICK,2070,2100,98.6
2016,VIRGINIA,MADISON,5450,5500,99.1
2016,VIRGINIA,PAGE,880,900,97.8
2016,VIRGINIA,RAPPAHANNOCK,480,500,96
2016,VIRGINIA,ROCKINGHAM,7900,8000,98.8
2016,VIRGINIA,SHENANDOAH,4900,5100,96.1
2016,VIRGINIA,BRUNSWICK,10200,10400,98.1
2016,VIRGINIA,DINWIDDIE,16200,16600,97.6
2016,VIRGINIA,GREENSVILLE,10300,10500,98.1
2016,VIRGINIA,ISLE OF WIGHT,21700,22000,98.6
2016,VIRGINIA,PRINCE GEORGE,11500,11600,99.1
2016,VIRGINIA,SOUTHAMPTON,27300,27700,98.6
2016,VIRGINIA,SUFFOLK CITY,20200,20500,98.5
2016,VIRGINIA,SURRY,16000,16600,96.4
2016,VIRGINIA,VIRGINIA BEACH CITY,10700,10900,98.2
2016,VIRGINIA,CHARLOTTE,8200,8300,98.8
2016,VIRGINIA,HALIFAX,9400,9500,98.9
2016,VIRGINIA,LUNENBURG,5300,5400,98.1
2016,VIRGINIA,NOTTOWAY,2550,2600,98.1
2016,VIRGINIA,PITTSYLVANIA,5450,5700,95.6
2015,VIRGINIA,AMELIA,10500,10600,99.1
2015,VIRGINIA,APPOMATTOX,1550,1600,96.9
2015,VIRGINIA,BEDFORD,1000,1100,90.9
2015,VIRGINIA,CAMPBELL,6000,6200,96.8
2015,VIRGINIA,CAROLINE,21900,22000,99.5
2015,VIRGINIA,CHESTERFIELD,1550,1600,96.9
2015,VIRGINIA,LOUISA,5150,5200,99
2015,VIRGINIA,OTHER (COMBINED) COUNTIES,232060,235500,98.5
2015,VIRGINIA,PRINCE EDWARD,1050,1100,95.5
2015,VIRGINIA,SPOTSYLVANIA,3650,3700,98.6
2015,VIRGINIA,ACCOMACK,38600,38700,99.7
2015,VIRGINIA,CHARLES CITY,7580,7700,98.4
2015,VIRGINIA,ESSEX,19400,19700,98.5
2015,VIRGINIA,GLOUCESTER,7000,7100,98.6
2015,VIRGINIA,KING AND QUEEN,16500,16600,99.4
2015,VIRGINIA,NORTHAMPTON,23200,23500,98.7
2015,VIRGINIA,NORTHUMBERLAND,17200,17500,98.3
2015,VIRGINIA,RICHMOND,15500,15700,98.7
2015,VIRGINIA,WESTMORELAND,18700,19000,98.4
2015,VIRGINIA,CULPEPER,10800,11000,98.2
2015,VIRGINIA,FAUQUIER,9100,9300,97.8
2015,VIRGINIA,FREDERICK,1860,1900,97.9
2015,VIRGINIA,LOUDOUN,5150,5300,97.2
2015,VIRGINIA,MADISON,6500,6600,98.5
2015,VIRGINIA,PAGE,800,900,88.9
2015,VIRGINIA,RAPPAHANNOCK,550,600,91.7
2015,VIRGINIA,ROCKINGHAM,6700,6900,97.1
2015,VIRGINIA,SHENANDOAH,4900,5000,98
2015,VIRGINIA,STAFFORD,1550,1600,96.9
2015,VIRGINIA,BRUNSWICK,11000,11200,98.2
2015,VIRGINIA,CHESAPEAKE CITY,21700,21900,99.1
2015,VIRGINIA,GREENSVILLE,10500,10900,96.3
2015,VIRGINIA,PRINCE GEORGE,10300,10400,99
2015,VIRGINIA,SURRY,17600,17700,99.4
2015,VIRGINIA,VIRGINIA BEACH CITY,11500,11700,98.3
2015,VIRGINIA,CHARLOTTE,8800,9100,96.7
2015,VIRGINIA,HALIFAX,9900,10300,96.1
2015,VIRGINIA,LUNENBURG,6000,6100,98.4
2015,VIRGINIA,NOTTOWAY,3650,3700,98.6
2015,VIRGINIA,PITTSYLVANIA,5350,5700,93.9
2014,VIRGINIA,AMELIA,9850,10400,94.7
2014,VIRGINIA,APPOMATTOX,2550,2600,98.1
2014,VIRGINIA,BEDFORD,1050,1200,87.5
2014,VIRGINIA,CAMPBELL,7000,7100,98.6
2014,VIRGINIA,CAROLINE,21200,21300,99.5
2014,VIRGINIA,CHESTERFIELD,1750,1800,97.2
2014,VIRGINIA,CUMBERLAND,2350,2400,97.9
2014,VIRGINIA,GOOCHLAND,3750,3800,98.7
2014,VIRGINIA,HANOVER,18900,19000,99.5
2014,VIRGINIA,HENRICO,4100,4300,95.3
2014,VIRGINIA,LOUISA,5150,5200,99
2014,VIRGINIA,ORANGE,7780,7900,98.5
2014,VIRGINIA,OTHER (COMBINED) COUNTIES,111110,112900,98.4
2014,VIRGINIA,POWHATAN,2470,2500,98.8
2014,VIRGINIA,PRINCE EDWARD,1070,1200,89.2
2014,VIRGINIA,SPOTSYLVANIA,5050,5100,99
2014,VIRGINIA,ACCOMACK,39200,39900,98.2
2014,VIRGINIA,CHARLES CITY,8570,8600,99.7
2014,VIRGINIA,ESSEX,18300,18500,98.9
2014,VIRGINIA,GLOUCESTER,7050,7100,99.3
2014,VIRGINIA,KING AND QUEEN,16400,16500,99.4
2014,VIRGINIA,KING GEORGE,4050,4100,98.8
2014,VIRGINIA,KING WILLIAM,16800,17100,98.2
2014,VIRGINIA,MIDDLESEX,7750,7900,98.1
2014,VIRGINIA,NEW KENT,4900,5000,98
2014,VIRGINIA,NORTHAMPTON,22300,22600,98.7
2014,VIRGINIA,NORTHUMBERLAND,15400,15500,99.4
2014,VIRGINIA,RICHMOND,14400,14500,99.3
2014,VIRGINIA,WESTMORELAND,20000,20200,99
2014,VIRGINIA,CLARKE,2600,2600,100
2014,VIRGINIA,CULPEPER,13300,13400,99.3
2014,VIRGINIA,FAUQUIER,11200,11300,99.1
2014,VIRGINIA,FREDERICK,1960,2000,98
2014,VIRGINIA,LOUDOUN,4650,5000,93
2014,VIRGINIA,MADISON,6250,6300,99.2
2014,VIRGINIA,PAGE,1000,1000,100
2014,VIRGINIA,ROCKINGHAM,7600,7700,98.7
2014,VIRGINIA,SHENANDOAH,5140,5200,98.8
2014,VIRGINIA,STAFFORD,1700,1700,100
2014,VIRGINIA,BRUNSWICK,10200,10400,98.1
2014,VIRGINIA,CHESAPEAKE CITY,25100,25600,98
2014,VIRGINIA,GREENSVILLE,10400,10500,99
2014,VIRGINIA,ISLE OF WIGHT,21800,22100,98.6
2014,VIRGINIA,MECKLENBURG,18200,18600,97.8
2014,VIRGINIA,PRINCE GEORGE,11600,11700,99.1
2014,VIRGINIA,SURRY,16400,16500,99.4
2014,VIRGINIA,SUSSEX,26100,26400,98.9
2014,VIRGINIA,VIRGINIA BEACH CITY,12000,12100,99.2
2014,VIRGINIA,CHARLOTTE,8050,8200,98.2
2014,VIRGINIA,FRANKLIN,4040,4300,94
2014,VIRGINIA,HALIFAX,8850,9200,96.2
2014,VIRGINIA,LUNENBURG,6200,6300,98.4
2014,VIRGINIA,PITTSYLVANIA,4730,5000,94.6
2014,VIRGINIA,ROCKBRIDGE,680,700,97.1
2013,VIRGINIA,AMELIA,8200,8300,98.8
2013,VIRGINIA,APPOMATTOX,2000,2100,95.2
2013,VIRGINIA,BEDFORD,770,900,85.6
2013,VIRGINIA,CAROLINE,19900,20000,99.5
2013,VIRGINIA,CHESTERFIELD,1300,1300,100
2013,VIRGINIA,CUMBERLAND,1580,1600,98.8
2013,VIRGINIA,GOOCHLAND,3300,3500,94.3
2013,VIRGINIA,HANOVER,18300,18400,99.5
2013,VIRGINIA,LOUISA,5100,5200,98.1
2013,VIRGINIA,ORANGE,5950,6000,99.2
2013,VIRGINIA,OTHER (COMBINED) COUNTIES,88890,90800,97.9
2013,VIRGINIA,POWHATAN,2750,2800,98.2
2013,VIRGINIA,PRINCE EDWARD,990,1100,90
2013,VIRGINIA,SPOTSYLVANIA,3900,4100,95.1
2013,VIRGINIA,ACCOMACK,37500,38100,98.4
2013,VIRGINIA,ESSEX,19700,19900,99
2013,VIRGINIA,GLOUCESTER,6900,7000,98.6
2013,VIRGINIA,KING AND QUEEN,16700,17000,98.2
2013,VIRGINIA,KING WILLIAM,15800,16000,98.8
2013,VIRGINIA,MATHEWS,1650,1700,97.1
2013,VIRGINIA,MIDDLESEX,6250,6300,99.2
2013,VIRGINIA,NEW KENT,5100,5200,98.1
2013,VIRGINIA,NORTHAMPTON,24400,24900,98
2013,VIRGINIA,NORTHUMBERLAND,17000,17200,98.8
2013,VIRGINIA,RICHMOND,13900,14100,98.6
2013,VIRGINIA,WESTMORELAND,17300,17500,98.9
2013,VIRGINIA,CLARKE,2350,2400,97.9
2013,VIRGINIA,CULPEPER,9750,9900,98.5
2013,VIRGINIA,FAUQUIER,9600,9900,97
2013,VIRGINIA,FREDERICK,1770,1800,98.3
2013,VIRGINIA,MADISON,6000,6100,98.4
2013,VIRGINIA,PAGE,790,800,98.8
2013,VIRGINIA,PRINCE WILLIAM,1480,1500,98.7
2013,VIRGINIA,ROCKINGHAM,6700,6900,97.1
2013,VIRGINIA,SHENANDOAH,5050,5200,97.1
2013,VIRGINIA,STAFFORD,1680,1700,98.8
2013,VIRGINIA,BRUNSWICK,9200,9500,96.8
2013,VIRGINIA,CHESAPEAKE CITY,22900,23000,99.6
2013,VIRGINIA,DINWIDDIE,14400,14500,99.3
2013,VIRGINIA,GREENSVILLE,9950,10000,99.5
2013,VIRGINIA,ISLE OF WIGHT,22400,22500,99.6
2013,VIRGINIA,MECKLENBURG,17200,17500,98.3
2013,VIRGINIA,PRINCE GEORGE,9550,9700,98.5
2013,VIRGINIA,SOUTHAMPTON,36100,36500,98.9
2013,VIRGINIA,SURRY,16800,17000,98.8
2013,VIRGINIA,SUSSEX,24900,25000,99.6
2013,VIRGINIA,CHARLOTTE,7550,7600,99.3
2013,VIRGINIA,FRANKLIN,2800,2900,96.6
2013,VIRGINIA,HALIFAX,6000,6800,88.2
2013,VIRGINIA,LUNENBURG,5900,6100,96.7
2013,VIRGINIA,PITTSYLVANIA,4050,4200,96.4
2024,MARYLAND,DORCHESTER,44100,44700,98.7
2024,MARYLAND,SOMERSET,17800,18000,98.9
2024,MARYLAND,WORCESTER,34000,34400,98.8
2024,MARYLAND,BALTIMORE,13500,13800,97.8
2024,MARYLAND,CARROLL,26900,27200,98.9
2024,MARYLAND,FREDERICK,37700,39200,96.2
2024,MARYLAND,HARFORD,14300,14600,97.9
2024,MARYLAND,HOWARD,4500,4600,97.8
2024,MARYLAND,MONTGOMERY,13500,14100,95.7
2024,MARYLAND,WASHINGTON,14900,15100,98.7
2024,MARYLAND,ANNE ARUNDEL,4840,4900,98.8
2024,MARYLAND,CHARLES,9600,11100,86.5
2024,MARYLAND,CAROLINE,46500,47100,98.7
2024,MARYLAND,CECIL,18900,19100,99
2024,MARYLAND,KENT,44600,45100,98.9
2024,MARYLAND,QUEEN ANNES,53000,53800,98.5
2024,MARYLAND,TALBOT,40400,41000,98.5
2024,MARYLAND,GARRETT,3000,3200,93.8
2023,MARYLAND,SOMERSET,16700,17000,98.2
2023,MARYLAND,WICOMICO,20100,20500,98
2023,MARYLAND,WORCESTER,32700,33400,97.9
2023,MARYLAND,CARROLL,26500,26900,98.5
2023,MARYLAND,FREDERICK,35500,36200,98.1
2023,MARYLAND,HOWARD,4480,4600,97.4
2023,MARYLAND,MONTGOMERY,14600,14900,98
2023,MARYLAND,WASHINGTON,14700,15000,98
2023,MARYLAND,ANNE ARUNDEL,4300,4400,97.7
2023,MARYLAND,CALVERT,3120,3200,97.5
2023,MARYLAND,CHARLES,9970,10200,97.7
2023,MARYLAND,PRINCE GEORGES,2610,2700,96.7
2023,MARYLAND,ST MARYS,14700,15000,98
2023,MARYLAND,CAROLINE,43800,44900,97.6
2023,MARYLAND,CECIL,19900,20300,98
2023,MARYLAND,KENT,42200,43100,97.9
2023,MARYLAND,QUEEN ANNES,49300,50300,98
2023,MARYLAND,TALBOT,37000,37800,97.9
2023,MARYLAND,GARRETT,3040,3100,98.1
2022,MARYLAND,SOMERSET,18700,19100,97.9
2022,MARYLAND,WICOMICO,22300,22600,98.7
2022,MARYLAND,WORCESTER,35100,35600,98.6
2022,MARYLAND,BALTIMORE,13400,13700,97.8
2022,MARYLAND,CARROLL,27800,28400,97.9
2022,MARYLAND,FREDERICK,41300,42000,98.3
2022,MARYLAND,HARFORD,14000,14400,97.2
2022,MARYLAND,WASHINGTON,15200,15400,98.7
2022,MARYLAND,ANNE ARUNDEL,4700,4800,97.9
2022,MARYLAND,CALVERT,3470,3500,99.1
2022,MARYLAND,CHARLES,11000,11400,96.5
2022,MARYLAND,ST MARYS,15900,16100,98.8
2022,MARYLAND,CAROLINE,48700,49800,97.8
2022,MARYLAND,CECIL,22700,22900,99.1
2022,MARYLAND,KENT,44400,45600,97.4
2022,MARYLAND,TALBOT,42800,43500,98.4
2022,MARYLAND,GARRETT,2120,2200,96.4
2021,MARYLAND,DORCHESTER,41500,42200,98.3
2021,MARYLAND,SOMERSET,18100,18300,98.9
2021,MARYLAND,WICOMICO,21200,21400,99.1
2021,MARYLAND,WORCESTER,32400,32600,99.4
2021,MARYLAND,CARROLL,27500,27800,98.9
2021,MARYLAND,FREDERICK,40500,40900,99
2021,MARYLAND,HARFORD,13100,13200,99.2
2021,MARYLAND,MONTGOMERY,13700,13800,99.3
2021,MARYLAND,WASHINGTON,15300,15400,99.4
2021,MARYLAND,ANNE ARUNDEL,4750,4800,99
2021,MARYLAND,CALVERT,2580,2600,99.2
2021,MARYLAND,ST MARYS,15000,15100,99.3
2021,MARYLAND,CAROLINE,46000,46400,99.1
2021,MARYLAND,CECIL,19800,20000,99
2021,MARYLAND,KENT,45400,45900,98.9
2021,MARYLAND,QUEEN ANNES,55500,56000,99.1
2021,MARYLAND,TALBOT,39900,40300,99
2021,MARYLAND,GARRETT,2660,2800,95
2020,MARYLAND,DORCHESTER,43200,44800,96.4
2020,MARYLAND,SOMERSET,17300,18000,96.1
2020,MARYLAND,WICOMICO,19900,20700,96.1
2020,MARYLAND,WORCESTER,33900,35400,95.8
2020,MARYLAND,BALTIMORE,13500,14100,95.7
2020,MARYLAND,CARROLL,26900,28000,96.1
2020,MARYLAND,FREDERICK,35400,37300,94.9
2020,MARYLAND,HARFORD,13800,14700,93.9
2020,MARYLAND,MONTGOMERY,12600,13100,96.2
2020,MARYLAND,WASHINGTON,14500,15100,96
2020,MARYLAND,ANNE ARUNDEL,4480,4700,95.3
2020,MARYLAND,CALVERT,2590,2700,95.9
2020,MARYLAND,CHARLES,9590,10000,95.9
2020,MARYLAND,PRINCE GEORGES,2480,2600,95.4
2020,MARYLAND,ST MARYS,14200,14700,96.6
2020,MARYLAND,CAROLINE,45100,47100,95.8
2020,MARYLAND,CECIL,20400,21200,96.2
2020,MARYLAND,KENT,41100,42800,96
2020,MARYLAND,QUEEN ANNES,48100,50100,96
2020,MARYLAND,TALBOT,39300,41000,95.9
2019,MARYLAND,DORCHESTER,41100,41200,99.8
2019,MARYLAND,SOMERSET,22000,23000,95.7
2019,MARYLAND,WICOMICO,22300,22500,99.1
2019,MARYLAND,WORCESTER,34100,34300,99.4
2019,MARYLAND,CARROLL,26400,26500,99.6
2019,MARYLAND,FREDERICK,38500,39000,98.7
2019,MARYLAND,HARFORD,13000,13000,100
2019,MARYLAND,OTHER (COMBINED) COUNTIES,64300,65700,97.9
2019,MARYLAND,WASHINGTON,14800,15300,96.7
2019,MARYLAND,ANNE ARUNDEL,4500,4600,97.8
2019,MARYLAND,PRINCE GEORGES,2600,2900,89.7
2019,MARYLAND,CAROLINE,45600,45700,99.8
2019,MARYLAND,CECIL,19500,19700,99
2019,MARYLAND,KENT,43100,43200,99.8
2019,MARYLAND,QUEEN ANNES,46900,47000,99.8
2019,MARYLAND,TALBOT,36300,36400,99.7
2018,MARYLAND,DORCHESTER,48500,49600,97.8
2018,MARYLAND,SOMERSET,17800,18200,97.8
2018,MARYLAND,WICOMICO,24100,25100,96
2018,MARYLAND,WORCESTER,36100,37100,97.3
2018,MARYLAND,CARROLL,28600,29100,98.3
2018,MARYLAND,FREDERICK,40900,41900,97.6
2018,MARYLAND,HARFORD,14600,15000,97.3
2018,MARYLAND,OTHER (COMBINED) COUNTIES,112100,116400,96.3
2018,MARYLAND,WASHINGTON,14500,14900,97.3
2018,MARYLAND,ANNE ARUNDEL,4600,4700,97.9
2018,MARYLAND,PRINCE GEORGES,1700,2100,81
2018,MARYLAND,ST MARYS,15300,15500,98.7
2018,MARYLAND,CAROLINE,51700,53000,97.5
2018,MARYLAND,KENT,46300,47400,97.7
2018,MARYLAND,QUEEN ANNES,58200,60000,97
2017,MARYLAND,DORCHESTER,46300,46500,99.6
2017,MARYLAND,SOMERSET,17900,18000,99.4
2017,MARYLAND,WICOMICO,21500,22000,97.7
2017,MARYLAND,WORCESTER,36200,36500,99.2
2017,MARYLAND,BALTIMORE,14000,14200,98.6
2017,MARYLAND,CARROLL,27800,28000,99.3
2017,MARYLAND,FREDERICK,41500,41800,99.3
2017,MARYLAND,HARFORD,13600,13800,98.6
2017,MARYLAND,OTHER (COMBINED) COUNTIES,53500,54300,98.5
2017,MARYLAND,PRINCE GEORGES,2600,2700,96.3
2017,MARYLAND,ST MARYS,15100,15200,99.3
2017,MARYLAND,CAROLINE,48700,49000,99.4
2017,MARYLAND,CECIL,19800,20000,99
2017,MARYLAND,KENT,45200,45500,99.3
2017,MARYLAND,QUEEN ANNES,51600,52500,98.3
2017,MARYLAND,TALBOT,39700,40000,99.2
2016,MARYLAND,DORCHESTER,48200,48300,99.8
2016,MARYLAND,SOMERSET,20100,20300,99
2016,MARYLAND,WICOMICO,22800,23000,99.1
2016,MARYLAND,WORCESTER,36700,36900,99.5
2016,MARYLAND,BALTIMORE,13700,13800,99.3
2016,MARYLAND,CARROLL,28900,29000,99.7
2016,MARYLAND,FREDERICK,39200,39400,99.5
2016,MARYLAND,HARFORD,13200,13300,99.2
2016,MARYLAND,HOWARD,3900,4000,97.5
2016,MARYLAND,OTHER (COMBINED) COUNTIES,132100,134000,98.6
2016,MARYLAND,CALVERT,2500,2900,86.2
2016,MARYLAND,CHARLES,9600,9800,98
2016,MARYLAND,PRINCE GEORGES,2900,3100,93.5
2016,MARYLAND,CAROLINE,50700,51000,99.4
2016,MARYLAND,KENT,44300,44700,99.1
2016,MARYLAND,TALBOT,46200,46500,99.4
2015,MARYLAND,DORCHESTER,47600,48000,99.2
2015,MARYLAND,SOMERSET,19600,19800,99
2015,MARYLAND,WICOMICO,24300,24500,99.2
2015,MARYLAND,WORCESTER,35800,36200,98.9
2015,MARYLAND,BALTIMORE,12200,12300,99.2
2015,MARYLAND,CARROLL,28100,28200,99.6
2015,MARYLAND,FREDERICK,37400,37500,99.7
2015,MARYLAND,HARFORD,13100,13200,99.2
2015,MARYLAND,MONTGOMERY,16400,16500,99.4
2015,MARYLAND,OTHER (COMBINED) COUNTIES,85100,86100,98.8
2015,MARYLAND,ANNE ARUNDEL,4700,4900,95.9
2015,MARYLAND,CALVERT,3400,3500,97.1
2015,MARYLAND,CHARLES,9100,9400,96.8
2015,MARYLAND,PRINCE GEORGES,3200,3400,94.1
2015,MARYLAND,ST MARYS,16300,16500,98.8
2015,MARYLAND,CAROLINE,53000,53500,99.1
2015,MARYLAND,KENT,45200,45500,99.3
2015,MARYLAND,QUEEN ANNES,60500,61000,99.2
2014,MARYLAND,DORCHESTER,47400,48000,98.8
2014,MARYLAND,SOMERSET,18400,18500,99.5
2014,MARYLAND,WICOMICO,22400,22500,99.6
2014,MARYLAND,WORCESTER,35800,36000,99.4
2014,MARYLAND,BALTIMORE,14400,14500,99.3
2014,MARYLAND,CARROLL,27300,27500,99.3
2014,MARYLAND,FREDERICK,37300,37500,99.5
2014,MARYLAND,HARFORD,13900,14000,99.3
2014,MARYLAND,OTHER (COMBINED) COUNTIES,22700,23000,98.7
2014,MARYLAND,WASHINGTON,13400,13500,99.3
2014,MARYLAND,ANNE ARUNDEL,5300,5400,98.1
2014,MARYLAND,CALVERT,3300,3700,89.2
2014,MARYLAND,CHARLES,8900,9000,98.9
2014,MARYLAND,PRINCE GEORGES,3100,3400,91.2
2014,MARYLAND,ST MARYS,15400,15500,99.4
2014,MARYLAND,CAROLINE,51500,52000,99
2014,MARYLAND,CECIL,20800,21000,99
2014,MARYLAND,KENT,42600,43000,99.1
2014,MARYLAND,QUEEN ANNES,58900,59500,99
2014,MARYLAND,TALBOT,42200,42500,99.3
2013,MARYLAND,DORCHESTER,41700,42000,99.3
2013,MARYLAND,SOMERSET,17800,18000,98.9
2013,MARYLAND,WICOMICO,22700,23000,98.7
2013,MARYLAND,WORCESTER,34600,35000,98.9
2013,MARYLAND,BALTIMORE,11500,11600,99.1
2013,MARYLAND,CARROLL,26700,26900,99.3
2013,MARYLAND,FREDERICK,36300,36600,99.2
2013,MARYLAND,HARFORD,12900,13000,99.2
2013,MARYLAND,HOWARD,4400,4500,97.8
2013,MARYLAND,MONTGOMERY,16300,16500,98.8
2013,MARYLAND,WASHINGTON,12800,12900,99.2
2013,MARYLAND,CALVERT,3200,3300,97
2013,MARYLAND,CHARLES,6330,6400,98.9
2013,MARYLAND,OTHER (COMBINED) COUNTIES,21290,21700,98.1
2013,MARYLAND,PRINCE GEORGES,3480,3600,96.7
2013,MARYLAND,CAROLINE,50300,51000,98.6
2013,MARYLAND,CECIL,19300,19500,99
2013,MARYLAND,KENT,43100,43500,99.1
2013,MARYLAND,QUEEN ANNES,54600,55000,99.3
2013,MARYLAND,TALBOT,40700,41000,99.3
2024,NORTH CAROLINA,BEAUFORT,68000,68100,99.9
2024,NORTH CAROLINA,CRAVEN,21100,21400,98.6
2024,NORTH CAROLINA,GREENE,31600,31700,99.7
2024,NORTH CAROLINA,HYDE,34900,34900,100
2024,NORTH CAROLINA,JOHNSTON,44400,44900,98.9
2024,NORTH CAROLINA,LENOIR,37500,37600,99.7
2024,NORTH CAROLINA,PAMLICO,15600,15600,100
2024,NORTH CAROLINA,PITT,58000,58300,99.5
2024,NORTH CAROLINA,WAYNE,52800,53000,99.6
2024,NORTH CAROLINA,WILSON,36200,36500,99.2
2024,NORTH CAROLINA,CATAWBA,6780,7000,96.9
2024,NORTH CAROLINA,CHATHAM,3700,3800,97.4
2024,NORTH CAROLINA,DAVIDSON,11600,12000,96.7
2024,NORTH CAROLINA,DAVIE,9140,9200,99.3
2024,NORTH CAROLINA,IREDELL,15300,15500,98.7
2024,NORTH CAROLINA,LEE,4200,4200,100
2024,NORTH CAROLINA,RANDOLPH,9000,9100,98.9
2024,NORTH CAROLINA,ROWAN,21000,21000,100
2024,NORTH CAROLINA,WAKE,8820,9200,95.9
2024,NORTH CAROLINA,BERTIE,26500,26600,99.6
2024,NORTH CAROLINA,CAMDEN,29000,29000,100
2024,NORTH CAROLINA,CHOWAN,16500,16500,100
2024,NORTH CAROLINA,CURRITUCK,16500,16500,100
2024,NORTH CAROLINA,EDGECOMBE,42600,42600,100
2024,NORTH CAROLINA,HALIFAX,32400,32800,98.8
2024,NORTH CAROLINA,HERTFORD,12700,12700,100
2024,NORTH CAROLINA,MARTIN,22000,22400,98.2
2024,NORTH CAROLINA,NASH,26000,26100,99.6
2024,NORTH CAROLINA,NORTHAMPTON,34000,34200,99.4
2024,NORTH CAROLINA,PASQUOTANK,42500,42600,99.8
2024,NORTH CAROLINA,PERQUIMANS,39900,39900,100
2024,NORTH CAROLINA,TYRRELL,31900,32000,99.7
2024,NORTH CAROLINA,WASHINGTON,43800,43800,100
2024,NORTH CAROLINA,SURRY,10800,11200,96.4
2024,NORTH CAROLINA,YADKIN,21000,21900,95.9
2024,NORTH CAROLINA,ALAMANCE,4740,5100,92.9
2024,NORTH CAROLINA,FRANKLIN,18600,19200,96.9
2024,NORTH CAROLINA,GRANVILLE,6820,7800,87.4
2024,NORTH CAROLINA,GUILFORD,9240,9700,95.3
2024,NORTH CAROLINA,ORANGE,2540,2700,94.1
2024,NORTH CAROLINA,PERSON,13000,13500,96.3
2024,NORTH CAROLINA,STOKES,2080,2500,83.2
2024,NORTH CAROLINA,VANCE,6500,6500,100
2024,NORTH CAROLINA,WARREN,10400,10700,97.2
2024,NORTH CAROLINA,BLADEN,17200,17900,96.1
2024,NORTH CAROLINA,BRUNSWICK,7760,7900,98.2
2024,NORTH CAROLINA,COLUMBUS,54900,55900,98.2
2024,NORTH CAROLINA,DUPLIN,53800,54000,99.6
2024,NORTH CAROLINA,HARNETT,25100,25500,98.4
2024,NORTH CAROLINA,ONSLOW,13500,13500,100
2024,NORTH CAROLINA,PENDER,14900,15100,98.7
2024,NORTH CAROLINA,ROBESON,81500,82300,99
2024,NORTH CAROLINA,SAMPSON,62900,63200,99.5
2024,NORTH CAROLINA,CLEVELAND,12400,12500,99.2
2024,NORTH CAROLINA,GASTON,2830,2900,97.6
2024,NORTH CAROLINA,LINCOLN,6200,6600,93.9
2024,NORTH CAROLINA,MOORE,2210,2500,88.4
2024,NORTH CAROLINA,UNION,59300,59700,99.3
2023,NORTH CAROLINA,BEAUFORT,66300,66500,99.7
2023,NORTH CAROLINA,CRAVEN,23200,23400,99.1
2023,NORTH CAROLINA,GREENE,36200,36300,99.7
2023,NORTH CAROLINA,HYDE,34000,34100,99.7
2023,NORTH CAROLINA,JOHNSTON,48700,49000,99.4
2023,NORTH CAROLINA,JONES,23800,24000,99.2
2023,NORTH CAROLINA,LENOIR,39900,40000,99.8
2023,NORTH CAROLINA,PAMLICO,16300,16400,99.4
2023,NORTH CAROLINA,PITT,59800,59900,99.8
2023,NORTH CAROLINA,WAYNE,57700,57900,99.7
2023,NORTH CAROLINA,WILSON,38000,38100,99.7
2023,NORTH CAROLINA,ALEXANDER,2670,2700,98.9
2023,NORTH CAROLINA,CATAWBA,7180,7300,98.4
2023,NORTH CAROLINA,CHATHAM,2190,2400,91.2
2023,NORTH CAROLINA,DAVIDSON,11100,11300,98.2
2023,NORTH CAROLINA,DAVIE,9240,9300,99.4
2023,NORTH CAROLINA,IREDELL,16400,16500,99.4
2023,NORTH CAROLINA,LEE,4060,4100,99
2023,NORTH CAROLINA,RANDOLPH,9540,9900,96.4
2023,NORTH CAROLINA,ROWAN,21200,21300,99.5
2023,NORTH CAROLINA,WAKE,10200,10500,97.1
2023,NORTH CAROLINA,BERTIE,28900,29000,99.7
2023,NORTH CAROLINA,CAMDEN,25100,25200,99.6
2023,NORTH CAROLINA,CHOWAN,15100,15100,100
2023,NORTH CAROLINA,CURRITUCK,16800,16800,100
2023,NORTH CAROLINA,EDGECOMBE,42800,42900,99.8
2023,NORTH CAROLINA,GATES,20900,20900,100
2023,NORTH CAROLINA,HALIFAX,38500,38700,99.5
2023,NORTH CAROLINA,HERTFORD,12600,12700,99.2
2023,NORTH CAROLINA,MARTIN,23700,24300,97.5
2023,NORTH CAROLINA,NASH,26400,26700,98.9
2023,NORTH CAROLINA,NORTHAMPTON,32500,32600,99.7
2023,NORTH CAROLINA,PASQUOTANK,42000,42000,100
2023,NORTH CAROLINA,PERQUIMANS,42200,42200,100
2023,NORTH CAROLINA,TYRRELL,29700,29900,99.3
2023,NORTH CAROLINA,WASHINGTON,41300,41400,99.8
2023,NORTH CAROLINA,CALDWELL,1270,1300,97.7
2023,NORTH CAROLINA,SURRY,10800,11100,97.3
2023,NORTH CAROLINA,YADKIN,19400,19700,98.5
2023,NORTH CAROLINA,ALAMANCE,5210,5600,93
2023,NORTH CAROLINA,CASWELL,5340,5600,95.4
2023,NORTH CAROLINA,DURHAM,690,700,98.6
2023,NORTH CAROLINA,FORSYTH,4800,4900,98
2023,NORTH CAROLINA,FRANKLIN,19800,20200,98
2023,NORTH CAROLINA,GRANVILLE,7190,8000,89.9
2023,NORTH CAROLINA,GUILFORD,9400,10100,93.1
2023,NORTH CAROLINA,ORANGE,3360,3500,96
2023,NORTH CAROLINA,PERSON,13000,13800,94.2
2023,NORTH CAROLINA,ROCKINGHAM,7700,8100,95.1
2023,NORTH CAROLINA,STOKES,1700,2200,77.3
2023,NORTH CAROLINA,VANCE,7290,7300,99.9
2023,NORTH CAROLINA,WARREN,10900,11100,98.2
2023,NORTH CAROLINA,BRUNSWICK,6530,6700,97.5
2023,NORTH CAROLINA,COLUMBUS,52200,53200,98.1
2023,NORTH CAROLINA,CUMBERLAND,17900,18000,99.4
2023,NORTH CAROLINA,DUPLIN,51100,51600,99
2023,NORTH CAROLINA,HARNETT,23300,23500,99.1
2023,NORTH CAROLINA,ONSLOW,13000,13100,99.2
2023,NORTH CAROLINA,PENDER,15400,15600,98.7
2023,NORTH CAROLINA,ROBESON,79300,80100,99
2023,NORTH CAROLINA,SAMPSON,65400,65500,99.8
2023,NORTH CAROLINA,ANSON,14800,14900,99.3
2023,NORTH CAROLINA,CLEVELAND,11500,11800,97.5
2023,NORTH CAROLINA,GASTON,3000,3000,100
2023,NORTH CAROLINA,LINCOLN,6980,7000,99.7
2023,NORTH CAROLINA,MOORE,4050,4100,98.8
2023,NORTH CAROLINA,STANLY,18100,18600,97.3
2023,NORTH CAROLINA,UNION,58100,58200,99.8
2023,NORTH CAROLINA,BURKE,770,800,96.2
2023,NORTH CAROLINA,HENDERSON,400,400,100
2022,NORTH CAROLINA,BEAUFORT,68000,68400,99.4
2022,NORTH CAROLINA,CRAVEN,20600,20700,99.5
2022,NORTH CAROLINA,GREENE,32400,32500,99.7
2022,NORTH CAROLINA,HYDE,34500,34700,99.4
2022,NORTH CAROLINA,JOHNSTON,46200,47000,98.3
2022,NORTH CAROLINA,JONES,23000,23200,99.1
2022,NORTH CAROLINA,LENOIR,38700,38900,99.5
2022,NORTH CAROLINA,PAMLICO,17600,17800,98.9
2022,NORTH CAROLINA,PITT,56400,56700,99.5
2022,NORTH CAROLINA,WAYNE,54700,55100,99.3
2022,NORTH CAROLINA,WILSON,36400,36800,98.9
2022,NORTH CAROLINA,CATAWBA,7750,7900,98.1
2022,NORTH CAROLINA,CHATHAM,2800,3400,82.4
2022,NORTH CAROLINA,DAVIDSON,11400,11500,99.1
2022,NORTH CAROLINA,DAVIE,9300,9400,98.9
2022,NORTH CAROLINA,IREDELL,17000,17200,98.8
2022,NORTH CAROLINA,LEE,3950,4100,96.3
2022,NORTH CAROLINA,RANDOLPH,11200,11400,98.2
2022,NORTH CAROLINA,ROWAN,21100,21300,99.1
2022,NORTH CAROLINA,WAKE,11200,11300,99.1
2022,NORTH CAROLINA,BERTIE,30000,30500,98.4
2022,NORTH CAROLINA,CAMDEN,28600,28800,99.3
2022,NORTH CAROLINA,CHOWAN,17900,18000,99.4
2022,NORTH CAROLINA,CURRITUCK,17500,17600,99.4
2022,NORTH CAROLINA,EDGECOMBE,43200,43500,99.3
2022,NORTH CAROLINA,GATES,20000,20100,99.5
2022,NORTH CAROLINA,HALIFAX,34400,34700,99.1
2022,NORTH CAROLINA,HERTFORD,13300,13400,99.3
2022,NORTH CAROLINA,MARTIN,23900,24100,99.2
2022,NORTH CAROLINA,NASH,28800,29100,99
2022,NORTH CAROLINA,NORTHAMPTON,35500,35800,99.2
2022,NORTH CAROLINA,PASQUOTANK,48200,48400,99.6
2022,NORTH CAROLINA,PERQUIMANS,45300,45500,99.6
2022,NORTH CAROLINA,TYRRELL,31900,32100,99.4
2022,NORTH CAROLINA,WASHINGTON,45800,46200,99.1
2022,NORTH CAROLINA,SURRY,13100,13300,98.5
2022,NORTH CAROLINA,YADKIN,22400,22600,99.1
2022,NORTH CAROLINA,ALAMANCE,4950,5400,91.7
2022,NORTH CAROLINA,CASWELL,4500,4900,91.8
2022,NORTH CAROLINA,DURHAM,1000,1100,90.9
2022,NORTH CAROLINA,FORSYTH,5150,5300,97.2
2022,NORTH CAROLINA,FRANKLIN,19200,19300,99.5
2022,NORTH CAROLINA,GRANVILLE,7800,8600,90.7
2022,NORTH CAROLINA,GUILFORD,9850,10300,95.6
2022,NORTH CAROLINA,ORANGE,3150,3200,98.4
2022,NORTH CAROLINA,PERSON,13800,14400,95.8
2022,NORTH CAROLINA,ROCKINGHAM,7600,8100,93.8
2022,NORTH CAROLINA,STOKES,2300,2800,82.1
2022,NORTH CAROLINA,VANCE,7450,7500,99.3
2022,NORTH CAROLINA,WARREN,11000,11100,99.1
2022,NORTH CAROLINA,BLADEN,19000,19300,98.4
2022,NORTH CAROLINA,BRUNSWICK,7400,7700,96.1
2022,NORTH CAROLINA,COLUMBUS,60500,61000,99.2
2022,NORTH CAROLINA,CUMBERLAND,18300,18500,98.9
2022,NORTH CAROLINA,DUPLIN,59000,59300,99.5
2022,NORTH CAROLINA,HARNETT,23300,23600,98.7
2022,NORTH CAROLINA,ONSLOW,13100,13400,97.8
2022,NORTH CAROLINA,PENDER,16800,17200,97.7
2022,NORTH CAROLINA,ROBESON,84000,84500,99.4
2022,NORTH CAROLINA,SAMPSON,61900,62300,99.4
2022,NORTH CAROLINA,SCOTLAND,10900,11600,94
2022,NORTH CAROLINA,ANSON,14900,15400,96.8
2022,NORTH CAROLINA,CABARRUS,5650,5700,99.1
2022,NORTH CAROLINA,CLEVELAND,12600,13100,96.2
2022,NORTH CAROLINA,GASTON,2950,3000,98.3
2022,NORTH CAROLINA,LINCOLN,7600,7800,97.4
2022,NORTH CAROLINA,MOORE,3500,3600,97.2
2022,NORTH CAROLINA,RICHMOND,2450,2500,98
2022,NORTH CAROLINA,STANLY,17200,17400,98.9
2022,NORTH CAROLINA,UNION,61800,62000,99.7
2022,NORTH CAROLINA,BURKE,1350,1400,96.4
2022,NORTH CAROLINA,HENDERSON,300,300,100
2022,NORTH CAROLINA,RUTHERFORD,1400,1500,93.3
2021,NORTH CAROLINA,BEAUFORT,69800,70300,99.3
2021,NORTH CAROLINA,CRAVEN,21800,22000,99.1
2021,NORTH CAROLINA,GREENE,30300,30500,99.3
2021,NORTH CAROLINA,HYDE,35000,35300,99.2
2021,NORTH CAROLINA,JOHNSTON,45500,46100,98.7
2021,NORTH CAROLINA,JONES,25600,25800,99.2
2021,NORTH CAROLINA,LENOIR,34100,34400,99.1
2021,NORTH CAROLINA,PAMLICO,19700,19900,99
2021,NORTH CAROLINA,PITT,59300,60300,98.3
2021,NORTH CAROLINA,WAYNE,53900,54300,99.3
2021,NORTH CAROLINA,WILSON,33900,34000,99.7
2021,NORTH CAROLINA,CATAWBA,8300,8500,97.6
2021,NORTH CAROLINA,CHATHAM,2700,2700,100
2021,NORTH CAROLINA,DAVIDSON,10400,10600,98.1
2021,NORTH CAROLINA,DAVIE,8500,8500,100
2021,NORTH CAROLINA,IREDELL,18000,18100,99.4
2021,NORTH CAROLINA,LEE,3950,4000,98.8
2021,NORTH CAROLINA,RANDOLPH,10600,10700,99.1
2021,NORTH CAROLINA,ROWAN,20900,21000,99.5
2021,NORTH CAROLINA,WAKE,11800,11900,99.2
2021,NORTH CAROLINA,BERTIE,29700,30000,99
2021,NORTH CAROLINA,CAMDEN,28100,28200,99.6
2021,NORTH CAROLINA,CHOWAN,16000,16100,99.4
2021,NORTH CAROLINA,CURRITUCK,19000,19100,99.5
2021,NORTH CAROLINA,EDGECOMBE,42600,42900,99.3
2021,NORTH CAROLINA,GATES,19900,20000,99.5
2021,NORTH CAROLINA,HALIFAX,36000,36300,99.2
2021,NORTH CAROLINA,HERTFORD,12700,12800,99.2
2021,NORTH CAROLINA,MARTIN,22600,22800,99.1
2021,NORTH CAROLINA,NASH,26600,26800,99.3
2021,NORTH CAROLINA,NORTHAMPTON,33600,33900,99.1
2021,NORTH CAROLINA,PASQUOTANK,48300,48800,99
2021,NORTH CAROLINA,PERQUIMANS,43800,44100,99.3
2021,NORTH CAROLINA,TYRRELL,34200,34600,98.8
2021,NORTH CAROLINA,WASHINGTON,43800,44200,99.1
2021,NORTH CAROLINA,SURRY,10200,10600,96.2
2021,NORTH CAROLINA,WILKES,1500,1500,100
2021,NORTH CAROLINA,YADKIN,19100,19300,99
2021,NORTH CAROLINA,ALAMANCE,5700,6100,93.4
2021,NORTH CAROLINA,CASWELL,4700,5000,94
2021,NORTH CAROLINA,DURHAM,800,800,100
2021,NORTH CAROLINA,FORSYTH,4950,5000,99
2021,NORTH CAROLINA,FRANKLIN,18100,18200,99.5
2021,NORTH CAROLINA,GRANVILLE,6450,6900,93.5
2021,NORTH CAROLINA,GUILFORD,10600,10900,97.2
2021,NORTH CAROLINA,ORANGE,3150,3200,98.4
2021,NORTH CAROLINA,PERSON,13000,13500,96.3
2021,NORTH CAROLINA,ROCKINGHAM,8200,8800,93.2
2021,NORTH CAROLINA,STOKES,2000,2500,80
2021,NORTH CAROLINA,VANCE,6950,7000,99.3
2021,NORTH CAROLINA,WARREN,10200,10400,98.1
2021,NORTH CAROLINA,BLADEN,16300,16700,97.6
2021,NORTH CAROLINA,BRUNSWICK,7250,7500,96.7
2021,NORTH CAROLINA,COLUMBUS,51600,52900,97.5
2021,NORTH CAROLINA,CUMBERLAND,15500,15800,98.1
2021,NORTH CAROLINA,DUPLIN,51900,52600,98.7
2021,NORTH CAROLINA,HARNETT,24800,25300,98
2021,NORTH CAROLINA,ONSLOW,13900,14100,98.6
2021,NORTH CAROLINA,PENDER,15500,15600,99.4
2021,NORTH CAROLINA,ROBESON,82300,82400,99.9
2021,NORTH CAROLINA,SAMPSON,58200,58900,98.8
2021,NORTH CAROLINA,SCOTLAND,8850,8900,99.4
2021,NORTH CAROLINA,ANSON,14700,15100,97.4
2021,NORTH CAROLINA,CABARRUS,5500,5600,98.2
2021,NORTH CAROLINA,CLEVELAND,12700,12900,98.4
2021,NORTH CAROLINA,GASTON,3050,3200,95.3
2021,NORTH CAROLINA,LINCOLN,7200,7300,98.6
2021,NORTH CAROLINA,MONTGOMERY,760,800,95
2021,NORTH CAROLINA,MOORE,3300,3600,91.7
2021,NORTH CAROLINA,STANLY,19900,20200,98.5
2021,NORTH CAROLINA,UNION,58600,58900,99.5
2021,NORTH CAROLINA,BURKE,950,1000,95
2021,NORTH CAROLINA,RUTHERFORD,1200,1300,92.3
2020,NORTH CAROLINA,BEAUFORT,60300,61400,98.2
2020,NORTH CAROLINA,CRAVEN,24300,24700,98.4
2020,NORTH CAROLINA,GREENE,30700,31700,96.8
2020,NORTH CAROLINA,HYDE,32900,33600,97.9
2020,NORTH CAROLINA,JOHNSTON,48900,49700,98.4
2020,NORTH CAROLINA,JONES,24300,24700,98.4
2020,NORTH CAROLINA,LENOIR,35700,36400,98.1
2020,NORTH CAROLINA,PAMLICO,16000,16200,98.8
2020,NORTH CAROLINA,PITT,58200,58600,99.3
2020,NORTH CAROLINA,WAYNE,52800,53500,98.7
2020,NORTH CAROLINA,WILSON,35400,36000,98.3
2020,NORTH CAROLINA,ALEXANDER,2660,2700,98.5
2020,NORTH CAROLINA,CATAWBA,7860,8000,98.2
2020,NORTH CAROLINA,CHATHAM,1940,2000,97
2020,NORTH CAROLINA,DAVIDSON,10700,11100,96.4
2020,NORTH CAROLINA,DAVIE,9400,9700,96.9
2020,NORTH CAROLINA,IREDELL,16500,16800,98.2
2020,NORTH CAROLINA,LEE,2550,2600,98.1
2020,NORTH CAROLINA,RANDOLPH,9510,9800,97
2020,NORTH CAROLINA,ROWAN,20400,20700,98.6
2020,NORTH CAROLINA,WAKE,11500,11700,98.3
2020,NORTH CAROLINA,BERTIE,29700,30200,98.3
2020,NORTH CAROLINA,CAMDEN,27900,28400,98.2
2020,NORTH CAROLINA,CHOWAN,20000,20300,98.5
2020,NORTH CAROLINA,CURRITUCK,16500,17000,97.1
2020,NORTH CAROLINA,EDGECOMBE,41000,41700,98.3
2020,NORTH CAROLINA,GATES,20300,20600,98.5
2020,NORTH CAROLINA,HALIFAX,33400,33900,98.5
2020,NORTH CAROLINA,HERTFORD,12700,12900,98.4
2020,NORTH CAROLINA,MARTIN,19400,19700,98.5
2020,NORTH CAROLINA,NASH,29000,29500,98.3
2020,NORTH CAROLINA,NORTHAMPTON,31200,31700,98.4
2020,NORTH CAROLINA,PASQUOTANK,40000,40700,98.3
2020,NORTH CAROLINA,PERQUIMANS,47500,47800,99.4
2020,NORTH CAROLINA,TYRRELL,30100,30600,98.4
2020,NORTH CAROLINA,WASHINGTON,41200,41900,98.3
2020,NORTH CAROLINA,SURRY,9570,10900,87.8
2020,NORTH CAROLINA,WILKES,1310,1400,93.6
2020,NORTH CAROLINA,YADKIN,19500,19800,98.5
2020,NORTH CAROLINA,ALAMANCE,5000,5200,96.2
2020,NORTH CAROLINA,CASWELL,3990,4100,97.3
2020,NORTH CAROLINA,FORSYTH,5690,5800,98.1
2020,NORTH CAROLINA,FRANKLIN,17200,17600,97.7
2020,NORTH CAROLINA,GRANVILLE,5960,6300,94.6
2020,NORTH CAROLINA,GUILFORD,10000,10600,94.3
2020,NORTH CAROLINA,ORANGE,3050,3100,98.4
2020,NORTH CAROLINA,PERSON,12400,13000,95.4
2020,NORTH CAROLINA,ROCKINGHAM,6600,7100,93
2020,NORTH CAROLINA,STOKES,2340,2800,83.6
2020,NORTH CAROLINA,VANCE,6590,6700,98.4
2020,NORTH CAROLINA,WARREN,10200,10400,98.1
2020,NORTH CAROLINA,BLADEN,15500,15800,98.1
2020,NORTH CAROLINA,BRUNSWICK,6070,6300,96.3
2020,NORTH CAROLINA,COLUMBUS,43500,44600,97.5
2020,NORTH CAROLINA,CUMBERLAND,14800,15200,97.4
2020,NORTH CAROLINA,DUPLIN,52100,53100,98.1
2020,NORTH CAROLINA,HARNETT,23700,24200,97.9
2020,NORTH CAROLINA,HOKE,8330,8500,98
2020,NORTH CAROLINA,ONSLOW,12000,12200,98.4
2020,NORTH CAROLINA,PENDER,13700,13900,98.6
2020,NORTH CAROLINA,ROBESON,71500,72000,99.3
2020,NORTH CAROLINA,SAMPSON,55300,56200,98.4
2020,NORTH CAROLINA,SCOTLAND,9530,9700,98.2
2020,NORTH CAROLINA,ANSON,16000,16100,99.4
2020,NORTH CAROLINA,CABARRUS,5170,5400,95.7
2020,NORTH CAROLINA,CLEVELAND,12200,12400,98.4
2020,NORTH CAROLINA,GASTON,2450,2500,98
2020,NORTH CAROLINA,LINCOLN,7350,7500,98
2020,NORTH CAROLINA,MECKLENBURG,980,1000,98
2020,NORTH CAROLINA,MOORE,2850,2900,98.3
2020,NORTH CAROLINA,RICHMOND,2900,3000,96.7
2020,NORTH CAROLINA,STANLY,23300,23700,98.3
2020,NORTH CAROLINA,UNION,63000,63500,99.2
2020,NORTH CAROLINA,BURKE,1130,1200,94.2
2020,NORTH CAROLINA,RUTHERFORD,1690,1700,99.4
2019,NORTH CAROLINA,BEAUFORT,60800,61000,99.7
2019,NORTH CAROLINA,CRAVEN,20300,20800,97.6
2019,NORTH CAROLINA,GREENE,30700,30800,99.7
2019,NORTH CAROLINA,JOHNSTON,50300,50700,99.2
2019,NORTH CAROLINA,JONES,15600,15700,99.4
2019,NORTH CAROLINA,LENOIR,30600,30700,99.7
2019,NORTH CAROLINA,OTHER (COMBINED) COUNTIES,463710,474100,97.8
2019,NORTH CAROLINA,PAMLICO,16000,16100,99.4
2019,NORTH CAROLINA,WAYNE,53400,53500,99.8
2019,NORTH CAROLINA,WILSON,31400,31500,99.7
2019,NORTH CAROLINA,ALEXANDER,2700,3000,90
2019,NORTH CAROLINA,CATAWBA,9800,10200,96.1
2019,NORTH CAROLINA,CHATHAM,2750,3100,88.7
2019,NORTH CAROLINA,DAVIDSON,11700,12000,97.5
2019,NORTH CAROLINA,DAVIE,8800,9400,93.6
2019,NORTH CAROLINA,IREDELL,19200,19300,99.5
2019,NORTH CAROLINA,LEE,3950,4200,94
2019,NORTH CAROLINA,RANDOLPH,11000,11200,98.2
2019,NORTH CAROLINA,ROWAN,19200,19400,99
2019,NORTH CAROLINA,WAKE,11400,11700,97.4
2019,NORTH CAROLINA,CAMDEN,27600,27700,99.6
2019,NORTH CAROLINA,CHOWAN,14300,14300,100
2019,NORTH CAROLINA,CURRITUCK,17900,17900,100
2019,NORTH CAROLINA,EDGECOMBE,36600,37000,98.9
2019,NORTH CAROLINA,GATES,16900,16900,100
2019,NORTH CAROLINA,HALIFAX,28100,28400,98.9
2019,NORTH CAROLINA,HERTFORD,11600,11700,99.1
2019,NORTH CAROLINA,MARTIN,15800,16000,98.8
2019,NORTH CAROLINA,NASH,26600,26800,99.3
2019,NORTH CAROLINA,NORTHAMPTON,26100,26400,98.9
2019,NORTH CAROLINA,PASQUOTANK,48000,48000,100
2019,NORTH CAROLINA,PERQUIMANS,40200,40600,99
2019,NORTH CAROLINA,TYRRELL,32600,32900,99.1
2019,NORTH CAROLINA,YADKIN,20500,20700,99
2019,NORTH CAROLINA,ALAMANCE,4850,5200,93.3
2019,NORTH CAROLINA,CASWELL,3500,4100,85.4
2019,NORTH CAROLINA,DURHAM,650,1000,65
2019,NORTH CAROLINA,FORSYTH,4600,5000,92
2019,NORTH CAROLINA,FRANKLIN,18300,18700,97.9
2019,NORTH CAROLINA,GRANVILLE,5550,6100,91
2019,NORTH CAROLINA,GUILFORD,10000,10600,94.3
2019,NORTH CAROLINA,PERSON,11000,12200,90.2
2019,NORTH CAROLINA,VANCE,5900,6200,95.2
2019,NORTH CAROLINA,WARREN,7700,8400,91.7
2019,NORTH CAROLINA,BLADEN,15500,16800,92.3
2019,NORTH CAROLINA,BRUNSWICK,7300,7500,97.3
2019,NORTH CAROLINA,HARNETT,23700,24300,97.5
2019,NORTH CAROLINA,ONSLOW,12500,12800,97.7
2019,NORTH CAROLINA,SAMPSON,53500,53700,99.6
2019,NORTH CAROLINA,SCOTLAND,8200,10000,82
2019,NORTH CAROLINA,CABARRUS,5800,6000,96.7
2019,NORTH CAROLINA,GASTON,3300,3500,94.3
2019,NORTH CAROLINA,LINCOLN,8700,9000,96.7
2019,NORTH CAROLINA,MOORE,2700,4200,64.3
2019,NORTH CAROLINA,UNION,57400,57600,99.7
2019,NORTH CAROLINA,BURKE,900,1000,90
2019,NORTH CAROLINA,HENDERSON,790,800,98.8
2019,NORTH CAROLINA,RUTHERFORD,1550,1600,96.9
2018,NORTH CAROLINA,BEAUFORT,61900,63500,97.5
2018,NORTH CAROLINA,CRAVEN,21500,22700,94.7
2018,NORTH CAROLINA,GREENE,33500,34300,97.7
2018,NORTH CAROLINA,HYDE,32600,34400,94.8
2018,NORTH CAROLINA,JOHNSTON,51500,53400,96.4
2018,NORTH CAROLINA,LENOIR,34300,35300,97.2
2018,NORTH CAROLINA,OTHER (COMBINED) COUNTIES,208730,232500,89.8
2018,NORTH CAROLINA,PAMLICO,15800,17300,91.3
2018,NORTH CAROLINA,PITT,58600,59600,98.3
2018,NORTH CAROLINA,WAYNE,53200,55000,96.7
2018,NORTH CAROLINA,WILSON,34300,35200,97.4
2018,NORTH CAROLINA,CATAWBA,8830,9200,96
2018,NORTH CAROLINA,DAVIDSON,11300,11700,96.6
2018,NORTH CAROLINA,DAVIE,10000,10400,96.2
2018,NORTH CAROLINA,IREDELL,19000,19200,99
2018,NORTH CAROLINA,RANDOLPH,10200,10600,96.2
2018,NORTH CAROLINA,ROWAN,19500,20600,94.7
2018,NORTH CAROLINA,WAKE,12100,12700,95.3
2018,NORTH CAROLINA,BERTIE,30700,31400,97.8
2018,NORTH CAROLINA,CAMDEN,30100,30300,99.3
2018,NORTH CAROLINA,CHOWAN,17000,17100,99.4
2018,NORTH CAROLINA,CURRITUCK,16900,17100,98.8
2018,NORTH CAROLINA,EDGECOMBE,40000,41500,96.4
2018,NORTH CAROLINA,GATES,17600,17700,99.4
2018,NORTH CAROLINA,HALIFAX,33600,33900,99.1
2018,NORTH CAROLINA,MARTIN,21600,22100,97.7
2018,NORTH CAROLINA,NASH,29400,29600,99.3
2018,NORTH CAROLINA,PASQUOTANK,49000,50000,98
2018,NORTH CAROLINA,PERQUIMANS,45400,46300,98.1
2018,NORTH CAROLINA,TYRRELL,29600,30400,97.4
2018,NORTH CAROLINA,WASHINGTON,39500,40000,98.8
2018,NORTH CAROLINA,YADKIN,20500,21200,96.7
2018,NORTH CAROLINA,ALAMANCE,4850,5800,83.6
2018,NORTH CAROLINA,CASWELL,2690,3200,84.1
2018,NORTH CAROLINA,FRANKLIN,16300,18000,90.6
2018,NORTH CAROLINA,GRANVILLE,4570,5000,91.4
2018,NORTH CAROLINA,GUILFORD,9590,10500,91.3
2018,NORTH CAROLINA,ORANGE,3140,3400,92.4
2018,NORTH CAROLINA,PERSON,11300,12400,91.1
2018,NORTH CAROLINA,ROCKINGHAM,4980,6100,81.6
2018,NORTH CAROLINA,STOKES,2050,2500,82
2018,NORTH CAROLINA,VANCE,5780,6000,96.3
2018,NORTH CAROLINA,WARREN,7600,8800,86.4
2018,NORTH CAROLINA,BLADEN,12900,16800,76.8
2018,NORTH CAROLINA,BRUNSWICK,5880,7900,74.4
2018,NORTH CAROLINA,CUMBERLAND,17200,17500,98.3
2018,NORTH CAROLINA,DUPLIN,49600,53500,92.7
2018,NORTH CAROLINA,HARNETT,27400,28400,96.5
2018,NORTH CAROLINA,ONSLOW,11500,11900,96.6
2018,NORTH CAROLINA,ROBESON,84900,87400,97.1
2018,NORTH CAROLINA,SAMPSON,56900,59500,95.6
2018,NORTH CAROLINA,ANSON,13800,14800,93.2
2018,NORTH CAROLINA,CABARRUS,5600,6000,93.3
2018,NORTH CAROLINA,CLEVELAND,14200,14400,98.6
2018,NORTH CAROLINA,LINCOLN,9550,10200,93.6
2018,NORTH CAROLINA,MOORE,3900,4400,88.6
2018,NORTH CAROLINA,UNION,60700,63700,95.3
2018,NORTH CAROLINA,BURKE,860,1000,86
2018,NORTH CAROLINA,CHEROKEE,600,600,100
2018,NORTH CAROLINA,HENDERSON,1160,1200,96.7
2018,NORTH CAROLINA,RUTHERFORD,1720,1800,95.6
2018,NORTH CAROLINA,TRANSYLVANIA,1020,1100,92.7
2017,NORTH CAROLINA,BEAUFORT,70600,70700,99.9
2017,NORTH CAROLINA,CRAVEN,23900,24000,99.6
2017,NORTH CAROLINA,GREENE,32200,32200,100
2017,NORTH CAROLINA,HYDE,35500,35500,100
2017,NORTH CAROLINA,JOHNSTON,54400,54800,99.3
2017,NORTH CAROLINA,LENOIR,37600,37700,99.7
2017,NORTH CAROLINA,OTHER (COMBINED) COUNTIES,166360,167900,99.1
2017,NORTH CAROLINA,PAMLICO,18100,18100,100
2017,NORTH CAROLINA,PITT,60000,60100,99.8
2017,NORTH CAROLINA,WAYNE,61500,61500,100
2017,NORTH CAROLINA,WILSON,33300,33400,99.7
2017,NORTH CAROLINA,ALEXANDER,2270,2300,98.7
2017,NORTH CAROLINA,CATAWBA,8680,8800,98.6
2017,NORTH CAROLINA,CHATHAM,2680,2900,92.4
2017,NORTH CAROLINA,DAVIDSON,11100,11200,99.1
2017,NORTH CAROLINA,DAVIE,9150,9200,99.5
2017,NORTH CAROLINA,RANDOLPH,8910,9200,96.8
2017,NORTH CAROLINA,ROWAN,17800,17900,99.4
2017,NORTH CAROLINA,WAKE,12600,12800,98.4
2017,NORTH CAROLINA,BERTIE,34900,35000,99.7
2017,NORTH CAROLINA,CAMDEN,28800,28800,100
2017,NORTH CAROLINA,CHOWAN,14800,14900,99.3
2017,NORTH CAROLINA,CURRITUCK,18000,18100,99.4
2017,NORTH CAROLINA,EDGECOMBE,48400,48600,99.6
2017,NORTH CAROLINA,GATES,24000,24100,99.6
2017,NORTH CAROLINA,HALIFAX,35300,35400,99.7
2017,NORTH CAROLINA,MARTIN,22600,22700,99.6
2017,NORTH CAROLINA,NASH,30100,30200,99.7
2017,NORTH CAROLINA,NORTHAMPTON,32800,33100,99.1
2017,NORTH CAROLINA,PASQUOTANK,52300,52300,100
2017,NORTH CAROLINA,PERQUIMANS,44500,44600,99.8
2017,NORTH CAROLINA,TYRRELL,32500,32600,99.7
2017,NORTH CAROLINA,WASHINGTON,39600,39700,99.7
2017,NORTH CAROLINA,SURRY,11700,11900,98.3
2017,NORTH CAROLINA,WILKES,1560,1600,97.5
2017,NORTH CAROLINA,YADKIN,18800,19000,98.9
2017,NORTH CAROLINA,ALAMANCE,4710,4800,98.1
2017,NORTH CAROLINA,CASWELL,3000,3100,96.8
2017,NORTH CAROLINA,FRANKLIN,17300,17400,99.4
2017,NORTH CAROLINA,GRANVILLE,4110,4500,91.3
2017,NORTH CAROLINA,GUILFORD,10300,10900,94.5
2017,NORTH CAROLINA,ORANGE,3780,3900,96.9
2017,NORTH CAROLINA,PERSON,12400,13100,94.7
2017,NORTH CAROLINA,ROCKINGHAM,4990,5200,96
2017,NORTH CAROLINA,STOKES,2500,2700,92.6
2017,NORTH CAROLINA,VANCE,5830,5900,98.8
2017,NORTH CAROLINA,WARREN,8470,8700,97.4
2017,NORTH CAROLINA,BLADEN,18300,18500,98.9
2017,NORTH CAROLINA,BRUNSWICK,7410,7500,98.8
2017,NORTH CAROLINA,COLUMBUS,52800,53100,99.4
2017,NORTH CAROLINA,CUMBERLAND,19800,19900,99.5
2017,NORTH CAROLINA,DUPLIN,52800,52900,99.8
2017,NORTH CAROLINA,HARNETT,28700,28800,99.7
2017,NORTH CAROLINA,ROBESON,87200,87500,99.7
2017,NORTH CAROLINA,SAMPSON,61800,62000,99.7
2017,NORTH CAROLINA,SCOTLAND,12800,12800,100
2017,NORTH CAROLINA,CLEVELAND,16400,16600,98.8
2017,NORTH CAROLINA,GASTON,3480,3500,99.4
2017,NORTH CAROLINA,LINCOLN,6070,6100,99.5
2017,NORTH CAROLINA,MOORE,4840,4900,98.8
2017,NORTH CAROLINA,STANLY,19600,19600,100
2017,NORTH CAROLINA,UNION,63300,63300,100
2016,NORTH CAROLINA,BEAUFORT,60500,61000,99.2
2016,NORTH CAROLINA,CRAVEN,24300,24500,99.2
2016,NORTH CAROLINA,GREENE,35500,36000,98.6
2016,NORTH CAROLINA,HYDE,34800,36000,96.7
2016,NORTH CAROLINA,JOHNSTON,51000,52000,98.1
2016,NORTH CAROLINA,LENOIR,39000,40000,97.5
2016,NORTH CAROLINA,OTHER (COMBINED) COUNTIES,188130,190900,98.5
2016,NORTH CAROLINA,PAMLICO,19400,19500,99.5
2016,NORTH CAROLINA,PITT,60500,63500,95.3
2016,NORTH CAROLINA,WAYNE,55000,57500,95.7
2016,NORTH CAROLINA,WILSON,34400,34500,99.7
2016,NORTH CAROLINA,CATAWBA,9400,9600,97.9
2016,NORTH CAROLINA,DAVIDSON,10700,10900,98.2
2016,NORTH CAROLINA,DAVIE,7800,7900,98.7
2016,NORTH CAROLINA,IREDELL,17400,17500,99.4
2016,NORTH CAROLINA,LEE,4900,5000,98
2016,NORTH CAROLINA,RANDOLPH,8800,9000,97.8
2016,NORTH CAROLINA,ROWAN,19700,20000,98.5
2016,NORTH CAROLINA,WAKE,12300,12500,98.4
2016,NORTH CAROLINA,BERTIE,32300,32500,99.4
2016,NORTH CAROLINA,CAMDEN,30900,31000,99.7
2016,NORTH CAROLINA,CHOWAN,15900,16000,99.4
2016,NORTH CAROLINA,EDGECOMBE,48500,49000,99
2016,NORTH CAROLINA,GATES,21400,21500,99.5
2016,NORTH CAROLINA,HALIFAX,36300,36500,99.5
2016,NORTH CAROLINA,MARTIN,23800,24000,99.2
2016,NORTH CAROLINA,NASH,31400,31500,99.7
2016,NORTH CAROLINA,NORTHAMPTON,36300,36500,99.5
2016,NORTH CAROLINA,PERQUIMANS,45000,45500,98.9
2016,NORTH CAROLINA,TYRRELL,29300,30000,97.7
2016,NORTH CAROLINA,WASHINGTON,42500,43000,98.8
2016,NORTH CAROLINA,SURRY,10400,10600,98.1
2016,NORTH CAROLINA,YADKIN,18700,18800,99.5
2016,NORTH CAROLINA,ALAMANCE,4400,4700,93.6
2016,NORTH CAROLINA,CASWELL,2820,3100,91
2016,NORTH CAROLINA,FRANKLIN,17600,18000,97.8
2016,NORTH CAROLINA,GRANVILLE,4800,5000,96
2016,NORTH CAROLINA,GUILFORD,10200,11000,92.7
2016,NORTH CAROLINA,ORANGE,3500,3700,94.6
2016,NORTH CAROLINA,PERSON,13000,14000,92.9
2016,NORTH CAROLINA,ROCKINGHAM,5300,5800,91.4
2016,NORTH CAROLINA,STOKES,2700,3000,90
2016,NORTH CAROLINA,VANCE,6700,6800,98.5
2016,NORTH CAROLINA,WARREN,8000,8200,97.6
2016,NORTH CAROLINA,BLADEN,15000,17000,88.2
2016,NORTH CAROLINA,COLUMBUS,56000,56500,99.1
2016,NORTH CAROLINA,CUMBERLAND,19200,19500,98.5
2016,NORTH CAROLINA,DUPLIN,52000,52500,99
2016,NORTH CAROLINA,HARNETT,29300,30000,97.7
2016,NORTH CAROLINA,PENDER,17400,17500,99.4
2016,NORTH CAROLINA,ROBESON,81000,82500,98.2
2016,NORTH CAROLINA,SAMPSON,59500,60000,99.2
2016,NORTH CAROLINA,SCOTLAND,11800,12000,98.3
2016,NORTH CAROLINA,CABARRUS,6600,6700,98.5
2016,NORTH CAROLINA,CLEVELAND,16300,16500,98.8
2016,NORTH CAROLINA,GASTON,4200,4200,100
2016,NORTH CAROLINA,LINCOLN,8600,9000,95.6
2016,NORTH CAROLINA,RICHMOND,4000,4200,95.2
2016,NORTH CAROLINA,STANLY,19400,19500,99.5
2016,NORTH CAROLINA,UNION,61900,62000,99.8
2016,NORTH CAROLINA,BURKE,850,1100,77.3
2016,NORTH CAROLINA,RUTHERFORD,1700,1800,94.4
2015,NORTH CAROLINA,BEAUFORT,72300,73000,99
2015,NORTH CAROLINA,CRAVEN,26200,26800,97.8
2015,NORTH CAROLINA,GREENE,38000,40400,94.1
2015,NORTH CAROLINA,HYDE,30700,31000,99
2015,NORTH CAROLINA,JOHNSTON,52300,57800,90.5
2015,NORTH CAROLINA,JONES,19900,20300,98
2015,NORTH CAROLINA,LENOIR,39800,41300,96.4
2015,NORTH CAROLINA,OTHER (COMBINED) COUNTIES,206520,216700,95.3
2015,NORTH CAROLINA,PITT,70000,72800,96.2
2015,NORTH CAROLINA,WAYNE,61000,65800,92.7
2015,NORTH CAROLINA,WILSON,37000,38800,95.4
2015,NORTH CAROLINA,CATAWBA,8640,9500,90.9
2015,NORTH CAROLINA,DAVIDSON,10300,11200,92
2015,NORTH CAROLINA,DAVIE,7970,8100,98.4
2015,NORTH CAROLINA,IREDELL,17800,18100,98.3
2015,NORTH CAROLINA,LEE,4640,5200,89.2
2015,NORTH CAROLINA,RANDOLPH,9180,9800,93.7
2015,NORTH CAROLINA,ROWAN,18400,19800,92.9
2015,NORTH CAROLINA,WAKE,12600,14400,87.5
2015,NORTH CAROLINA,BERTIE,28900,29500,98
2015,NORTH CAROLINA,CAMDEN,30900,31000,99.7
2015,NORTH CAROLINA,CHOWAN,14800,14800,100
2015,NORTH CAROLINA,CURRITUCK,18600,18700,99.5
2015,NORTH CAROLINA,EDGECOMBE,48000,50300,95.4
2015,NORTH CAROLINA,GATES,19800,20000,99
2015,NORTH CAROLINA,HALIFAX,34300,37700,91
2015,NORTH CAROLINA,HERTFORD,15700,16300,96.3
2015,NORTH CAROLINA,MARTIN,23600,24800,95.2
2015,NORTH CAROLINA,NASH,31300,32800,95.4
2015,NORTH CAROLINA,NORTHAMPTON,37900,38700,97.9
2015,NORTH CAROLINA,PERQUIMANS,45400,45500,99.8
2015,NORTH CAROLINA,WASHINGTON,41100,41400,99.3
2015,NORTH CAROLINA,YADKIN,19000,19800,96
2015,NORTH CAROLINA,ALAMANCE,5970,6600,90.5
2015,NORTH CAROLINA,CASWELL,2890,3400,85
2015,NORTH CAROLINA,FORSYTH,4370,4700,93
2015,NORTH CAROLINA,FRANKLIN,18200,19500,93.3
2015,NORTH CAROLINA,GRANVILLE,5060,5300,95.5
2015,NORTH CAROLINA,ORANGE,4070,4500,90.4
2015,NORTH CAROLINA,PERSON,14200,14400,98.6
2015,NORTH CAROLINA,ROCKINGHAM,4880,6700,72.8
2015,NORTH CAROLINA,STOKES,2380,2900,82.1
2015,NORTH CAROLINA,VANCE,7410,7600,97.5
2015,NORTH CAROLINA,WARREN,9170,9800,93.6
2015,NORTH CAROLINA,BLADEN,22600,25700,87.9
2015,NORTH CAROLINA,COLUMBUS,60900,64200,94.9
2015,NORTH CAROLINA,CUMBERLAND,17900,18900,94.7
2015,NORTH CAROLINA,DUPLIN,53300,58500,91.1
2015,NORTH CAROLINA,HARNETT,22200,28800,77.1
2015,NORTH CAROLINA,ONSLOW,18500,19000,97.4
2015,NORTH CAROLINA,ROBESON,90500,93200,97.1
2015,NORTH CAROLINA,SAMPSON,65400,69000,94.8
2015,NORTH CAROLINA,SCOTLAND,12100,12700,95.3
2015,NORTH CAROLINA,ANSON,15700,16800,93.5
2015,NORTH CAROLINA,CABARRUS,6500,6800,95.6
2015,NORTH CAROLINA,CLEVELAND,14900,16200,92
2015,NORTH CAROLINA,LINCOLN,6460,7200,89.7
2015,NORTH CAROLINA,MONTGOMERY,590,700,84.3
2015,NORTH CAROLINA,MOORE,3850,4300,89.5
2015,NORTH CAROLINA,RICHMOND,3500,4300,81.4
2015,NORTH CAROLINA,STANLY,19600,20200,97
2015,NORTH CAROLINA,UNION,62600,64000,97.8
2015,NORTH CAROLINA,RUTHERFORD,1750,2000,87.5
2014,NORTH CAROLINA,BEAUFORT,70400,70500,99.9
2014,NORTH CAROLINA,CRAVEN,26300,26500,99.2
2014,NORTH CAROLINA,GREENE,36700,37100,98.9
2014,NORTH CAROLINA,JOHNSTON,56600,57200,99
2014,NORTH CAROLINA,JONES,18600,18800,98.9
2014,NORTH CAROLINA,LENOIR,40300,40800,98.8
2014,NORTH CAROLINA,OTHER (COMBINED) COUNTIES,152050,153900,98.8
2014,NORTH CAROLINA,PAMLICO,16400,16500,99.4
2014,NORTH CAROLINA,PITT,65100,65700,99.1
2014,NORTH CAROLINA,WAYNE,62500,63300,98.7
2014,NORTH CAROLINA,WILSON,36200,36300,99.7
2014,NORTH CAROLINA,ALEXANDER,2480,2500,99.2
2014,NORTH CAROLINA,CATAWBA,8520,8700,97.9
2014,NORTH CAROLINA,CHATHAM,3050,3100,98.4
2014,NORTH CAROLINA,DAVIDSON,11200,11500,97.4
2014,NORTH CAROLINA,DAVIE,8570,8700,98.5
2014,NORTH CAROLINA,IREDELL,15300,15500,98.7
2014,NORTH CAROLINA,LEE,6260,6300,99.4
2014,NORTH CAROLINA,RANDOLPH,9020,9400,96
2014,NORTH CAROLINA,ROWAN,17900,18300,97.8
2014,NORTH CAROLINA,WAKE,15200,15500,98.1
2014,NORTH CAROLINA,BERTIE,30900,31000,99.7
2014,NORTH CAROLINA,CAMDEN,33300,33500,99.4
2014,NORTH CAROLINA,CURRITUCK,17300,17400,99.4
2014,NORTH CAROLINA,EDGECOMBE,44100,44200,99.8
2014,NORTH CAROLINA,GATES,20800,21000,99
2014,NORTH CAROLINA,HERTFORD,15400,15400,100
2014,NORTH CAROLINA,MARTIN,23200,23400,99.1
2014,NORTH CAROLINA,NASH,32700,32900,99.4
2014,NORTH CAROLINA,NORTHAMPTON,36800,37000,99.5
2014,NORTH CAROLINA,PASQUOTANK,43700,43900,99.5
2014,NORTH CAROLINA,PERQUIMANS,43800,43900,99.8
2014,NORTH CAROLINA,TYRRELL,31000,31100,99.7
2014,NORTH CAROLINA,WASHINGTON,43000,43300,99.3
2014,NORTH CAROLINA,SURRY,12000,12200,98.4
2014,NORTH CAROLINA,WILKES,1940,2000,97
2014,NORTH CAROLINA,YADKIN,18400,18600,98.9
2014,NORTH CAROLINA,ALAMANCE,6000,6100,98.4
2014,NORTH CAROLINA,FRANKLIN,18200,18400,98.9
2014,NORTH CAROLINA,GRANVILLE,3770,3900,96.7
2014,NORTH CAROLINA,GUILFORD,10000,10300,97.1
2014,NORTH CAROLINA,ORANGE,3830,4000,95.8
2014,NORTH CAROLINA,PERSON,13800,14000,98.6
2014,NORTH CAROLINA,ROCKINGHAM,4790,5300,90.4
2014,NORTH CAROLINA,STOKES,2390,2600,91.9
2014,NORTH CAROLINA,VANCE,7100,7200,98.6
2014,NORTH CAROLINA,WARREN,9050,9100,99.5
2014,NORTH CAROLINA,BLADEN,22100,22400,98.7
2014,NORTH CAROLINA,BRUNSWICK,9320,9500,98.1
2014,NORTH CAROLINA,COLUMBUS,60200,61400,98
2014,NORTH CAROLINA,CUMBERLAND,19500,19800,98.5
2014,NORTH CAROLINA,DUPLIN,57100,57300,99.7
2014,NORTH CAROLINA,HARNETT,26900,27700,97.1
2014,NORTH CAROLINA,HOKE,12200,12400,98.4
2014,NORTH CAROLINA,ONSLOW,15500,15600,99.4
2014,NORTH CAROLINA,ROBESON,94800,95400,99.4
2014,NORTH CAROLINA,SAMPSON,65300,65600,99.5
2014,NORTH CAROLINA,ANSON,14400,14900,96.6
2014,NORTH CAROLINA,CABARRUS,6600,6800,97.1
2014,NORTH CAROLINA,CLEVELAND,15100,15800,95.6
2014,NORTH CAROLINA,GASTON,3780,3800,99.5
2014,NORTH CAROLINA,LINCOLN,7200,7400,97.3
2014,NORTH CAROLINA,MOORE,4100,4300,95.3
2014,NORTH CAROLINA,RICHMOND,3960,4300,92.1
2014,NORTH CAROLINA,STANLY,20000,20400,98
2014,NORTH CAROLINA,UNION,63000,64300,98
2014,NORTH CAROLINA,BURKE,1050,1100,95.5
2014,NORTH CAROLINA,RUTHERFORD,1970,2000,98.5
2013,NORTH CAROLINA,BEAUFORT,62800,63000,99.7
2013,NORTH CAROLINA,CRAVEN,23600,23700,99.6
2013,NORTH CAROLINA,GREENE,32900,33000,99.7
2013,NORTH CAROLINA,HYDE,31400,31500,99.7
2013,NORTH CAROLINA,JOHNSTON,45800,46000,99.6
2013,NORTH CAROLINA,JONES,18900,19000,99.5
2013,NORTH CAROLINA,LENOIR,34900,35000,99.7
2013,NORTH CAROLINA,OTHER (COMBINED) COUNTIES,157150,159700,98.4
2013,NORTH CAROLINA,PITT,57300,57500,99.7
2013,NORTH CAROLINA,WAYNE,52400,52500,99.8
2013,NORTH CAROLINA,WILSON,33400,33500,99.7
2013,NORTH CAROLINA,ALEXANDER,2400,2500,96
2013,NORTH CAROLINA,CATAWBA,6600,6900,95.7
2013,NORTH CAROLINA,CHATHAM,1700,1800,94.4
2013,NORTH CAROLINA,DAVIDSON,9100,9600,94.8
2013,NORTH CAROLINA,DAVIE,6200,7300,84.9
2013,NORTH CAROLINA,IREDELL,14800,15100,98
2013,NORTH CAROLINA,LEE,3200,3300,97
2013,NORTH CAROLINA,RANDOLPH,7300,7700,94.8
2013,NORTH CAROLINA,ROWAN,15600,16400,95.1
2013,NORTH CAROLINA,WAKE,11600,12400,93.5
2013,NORTH CAROLINA,BERTIE,26900,27500,97.8
2013,NORTH CAROLINA,CAMDEN,29900,30000,99.7
2013,NORTH CAROLINA,CHOWAN,13200,13300,99.2
2013,NORTH CAROLINA,CURRITUCK,20200,20300,99.5
2013,NORTH CAROLINA,EDGECOMBE,42900,43000,99.8
2013,NORTH CAROLINA,GATES,19700,20000,98.5
2013,NORTH CAROLINA,HALIFAX,26400,26600,99.2
2013,NORTH CAROLINA,HERTFORD,15700,15800,99.4
2013,NORTH CAROLINA,MARTIN,17800,18000,98.9
2013,NORTH CAROLINA,NASH,29100,29500,98.6
2013,NORTH CAROLINA,NORTHAMPTON,37700,38000,99.2
2013,NORTH CAROLINA,PERQUIMANS,43800,44000,99.5
2013,NORTH CAROLINA,TYRRELL,29900,30000,99.7
2013,NORTH CAROLINA,SURRY,10000,10400,96.2
2013,NORTH CAROLINA,YADKIN,16600,17500,94.9
2013,NORTH CAROLINA,ALAMANCE,4200,4400,95.5
2013,NORTH CAROLINA,FORSYTH,3400,3900,87.2
2013,NORTH CAROLINA,FRANKLIN,16800,17900,93.9
2013,NORTH CAROLINA,GRANVILLE,3000,3700,81.1
2013,NORTH CAROLINA,GUILFORD,7000,7700,90.9
2013,NORTH CAROLINA,ORANGE,2200,2500,88
2013,NORTH CAROLINA,PERSON,10400,11100,93.7
2013,NORTH CAROLINA,ROCKINGHAM,3800,4100,92.7
2013,NORTH CAROLINA,STOKES,1950,2300,84.8
2013,NORTH CAROLINA,VANCE,5600,6100,91.8
2013,NORTH CAROLINA,WARREN,7400,7800,94.9
2013,NORTH CAROLINA,BLADEN,16300,16600,98.2
2013,NORTH CAROLINA,COLUMBUS,46100,47500,97.1
2013,NORTH CAROLINA,CUMBERLAND,12800,13000,98.5
2013,NORTH CAROLINA,DUPLIN,46700,47500,98.3
2013,NORTH CAROLINA,HARNETT,18200,19200,94.8
2013,NORTH CAROLINA,ONSLOW,13300,13500,98.5
2013,NORTH CAROLINA,ROBESON,63500,65000,97.7
2013,NORTH CAROLINA,SAMPSON,52500,53000,99.1
2013,NORTH CAROLINA,SCOTLAND,10000,10400,96.2
2013,NORTH CAROLINA,ANSON,9300,9900,93.9
2013,NORTH CAROLINA,CABARRUS,3800,4100,92.7
2013,NORTH CAROLINA,CLEVELAND,14100,14200,99.3
2013,NORTH CAROLINA,GASTON,3500,3600,97.2
2013,NORTH CAROLINA,LINCOLN,5700,5900,96.6
2013,NORTH CAROLINA,MECKLENBURG,1200,1300,92.3
2013,NORTH CAROLINA,MONTGOMERY,900,1000,90
2013,NORTH CAROLINA,MOORE,2800,3000,93.3
2013,NORTH CAROLINA,RICHMOND,2300,2800,82.1
2013,NORTH CAROLINA,STANLY,13900,14400,96.5
2013,NORTH CAROLINA,UNION,38500,41300,93.2
